Engine_RPM,EGT1,EGT2,EGT3,CHT,Fuel_Flow,Oil_Temp,Oil_Pressure,Battery_Voltage,Battery_Current,Alternator_Temp,EFI_Fuel_Temp,EFI_Water_Temp,MAP_Injector,Operating_State,Robust_Anomaly_Score,Health_State
4616.0,1359.8628,1372.8431,1366.353,202.51373,41.835293,206.6,56.0,27.7,0.0,191.62746,-2.2000008,186.79999,31.331566,CRUISE,0.674021869889492,Normal
3264.0,1294.9608,1307.9412,1275.4902,200.5098,7.9686275,149.0,62.0,27.6,0.0,120.23529,84.2,192.2,28.951988,CRUISE_LOW,0.7510402202797832,Normal
4740.0,1366.353,1359.8628,1359.8628,200.5098,46.815685,201.19998,57.0,27.7,0.0,185.13727,-2.2000008,186.79999,32.223907,CRUISE,0.7708277677912984,Normal
5444.0,1256.0197,1269.0,1269.0,194.49803,62.75294,177.79999,58.0,27.6,0.0,165.66667,12.199997,179.59999,35.495823,HIGH,0.9383091725109386,Normal
3528.0,1243.0393,1256.0197,1210.5883,212.53333,7.9686275,159.79999,61.0,27.6,0.0,146.19608,84.2,174.2,10.212823,CRUISE_LOW,0.4506634182322142,Normal
5380.0,1301.451,1307.9412,1320.9216,210.52942,58.768627,145.4,65.0,27.8,0.0,211.09805,73.399994,183.2,34.90093,HIGH,0.7961912484323967,Normal
4548.0,1340.3922,1366.353,1366.353,202.51373,38.847057,215.6,56.0,27.7,0.0,204.60785,-2.2000008,186.79999,31.034119,CRUISE,0.7207189983119556,Normal
3108.0,1281.9805,1281.9805,1269.0,210.52942,6.972549,172.4,65.0,27.900002,0.0,217.58826,73.399994,183.2,14.079635,CRUISE_LOW,0.6828345363339111,Normal
5436.0,1314.4314,1333.902,1333.902,210.52942,58.768627,159.79999,63.0,27.900002,0.0,191.62746,51.799995,179.59999,34.60348,HIGH,0.5692849970257277,Normal
4716.0,1359.8628,1359.8628,1372.8431,202.51373,41.835293,206.6,57.0,27.7,0.0,217.58826,-2.2000008,186.79999,31.629013,CRUISE,0.982763910550124,Normal
4912.0,1333.902,1359.8628,1346.8823,200.5098,49.80392,199.4,56.0,28.0,0.0,178.64706,1.3999977,183.2,33.11625,CRUISE,0.8219765623896296,Normal
5356.0,1256.0197,1281.9805,1288.4706,210.52942,60.760784,145.4,63.0,27.7,0.0,185.13727,66.2,172.4,34.306034,HIGH,0.6123981678867916,Normal
5456.0,1281.9805,1294.9608,1294.9608,200.5098,62.75294,165.2,61.0,27.6,0.0,172.15686,42.799995,168.79999,34.90093,HIGH,0.522140423553636,Normal
5360.0,1275.4902,1294.9608,1294.9608,202.51373,62.75294,159.79999,61.0,27.7,0.0,191.62746,50.0,172.4,34.60348,HIGH,0.317372570626819,Normal
5424.0,1301.451,1327.4117,1320.9216,210.52942,59.764706,143.59999,66.0,27.900002,0.0,211.09805,66.2,177.79999,35.495823,HIGH,0.6054106171954787,Normal
4708.0,1359.8628,1366.353,1366.353,202.51373,41.835293,203.0,56.0,27.7,0.0,204.60785,-2.2000008,186.79999,31.629013,CRUISE,0.9166572235776403,Normal
4648.0,1333.902,1372.8431,1359.8628,200.5098,41.835293,181.4,56.0,27.8,0.0,165.66667,1.3999977,183.2,32.521355,CRUISE,0.4164342253505378,Normal
4616.0,1333.902,1366.353,1359.8628,200.5098,41.835293,179.59999,56.0,27.8,0.0,165.66667,1.3999977,183.2,31.92646,CRUISE,0.5509352589124479,Normal
5456.0,1256.0197,1288.4706,1269.0,202.51373,61.756863,145.4,63.0,27.7,0.0,191.62746,64.399994,170.59999,34.306034,HIGH,0.6771741419986911,Normal
4068.0,1307.9412,1333.902,1320.9216,202.51373,32.870586,167.0,56.0,27.7,0.0,185.13727,-2.2000008,183.2,31.629013,CRUISE,0.884788100791176,Normal
4560.0,1333.902,1359.8628,1353.3726,200.5098,41.835293,186.79999,57.0,27.7,0.0,172.15686,1.3999977,183.2,32.223907,CRUISE,0.56315505485306,Normal
3712.0,1249.5294,1249.5294,1223.5686,210.52942,7.9686275,158.0,61.0,27.6,0.0,152.68628,84.2,170.59999,9.915376,CRUISE_LOW,0.4406592720407944,Normal
4632.0,1366.353,1366.353,1372.8431,200.5098,38.847057,199.4,56.0,27.7,0.0,185.13727,-2.2000008,183.2,31.92646,CRUISE,0.7231453511057746,Normal
3980.0,1275.4902,1275.4902,1262.5099,212.53333,11.952941,152.59999,60.0,27.6,0.0,172.15686,82.399994,172.4,11.105165,CRUISE_LOW,0.6874170605734149,Normal
5444.0,1275.4902,1281.9805,1281.9805,210.52942,61.756863,149.0,65.0,27.7,0.0,191.62746,78.8,183.2,34.90093,HIGH,0.9247516406953482,Normal
5348.0,1301.451,1320.9216,1327.4117,206.52155,59.764706,141.79999,63.0,27.8,0.0,191.62746,66.2,170.59999,35.198376,HIGH,0.617591795052333,Normal
5392.0,1327.4117,1340.3922,1340.3922,212.53333,54.784313,156.2,61.0,27.8,0.0,191.62746,53.6,179.59999,34.90093,HIGH,0.8255279332722679,Normal
5500.0,1256.0197,1275.4902,1262.5099,200.5098,63.74902,174.2,58.0,28.1,0.0,172.15686,19.400002,176.0,34.90093,HIGH,0.9641794092577156,Normal
4596.0,1340.3922,1372.8431,1366.353,198.50586,41.835293,177.79999,57.0,27.8,0.0,165.66667,5.0,183.2,32.223907,CRUISE,0.5144422551354967,Normal
4432.0,1340.3922,1372.8431,1372.8431,204.51764,31.87451,138.2,58.0,27.6,0.0,159.17648,-2.2000008,177.79999,32.223907,CRUISE,0.9677424633040568,Normal
5428.0,1314.4314,1340.3922,1340.3922,206.52155,57.77255,152.59999,62.0,27.8,0.0,185.13727,59.0,174.2,34.60348,HIGH,0.6173820429465212,Normal
3604.0,1269.0,1275.4902,1197.6079,184.47842,7.9686275,149.0,67.0,27.5,0.0,139.70589,50.0,145.4,7.833247,CRUISE_LOW,0.901465467209684,Normal
4580.0,1353.3726,1366.353,1353.3726,202.51373,3.9843137,201.19998,56.0,27.7,0.0,204.60785,-2.2000008,183.2,31.629013,CRUISE,0.7745630407048109,Normal
4404.0,1333.902,1359.8628,1353.3726,202.51373,38.847057,188.59999,56.0,27.7,0.0,198.11765,-2.2000008,183.2,31.629013,CRUISE,0.6358029100688938,Normal
4664.0,1333.902,1366.353,1353.3726,198.50586,39.843136,181.4,56.0,27.8,0.0,185.13727,1.3999977,183.2,32.521355,CRUISE,0.5840089898565933,Normal
4644.0,1346.8823,1353.3726,1359.8628,202.51373,39.843136,215.6,56.0,27.7,0.0,198.11765,-2.2000008,186.79999,31.331566,CRUISE,0.8127852047470453,Normal
2888.0,1262.5099,1262.5099,1210.5883,200.5098,7.9686275,176.0,63.0,28.5,0.0,217.58826,78.8,165.2,14.674529,CRUISE_LOW,0.5677309085571958,Normal
4572.0,1353.3726,1359.8628,1359.8628,202.51373,41.835293,186.79999,56.0,27.7,0.0,198.11765,1.3999977,183.2,32.223907,CRUISE,0.6448540517717127,Normal
2912.0,1243.0393,1223.5686,1191.1177,200.5098,6.972549,188.59999,56.0,27.6,0.0,159.17648,89.59999,181.4,14.674529,CRUISE_LOW,0.645751431718425,Normal
5468.0,1243.0393,1275.4902,1275.4902,202.51373,62.75294,170.59999,58.0,27.6,0.0,172.15686,23.0,188.59999,34.90093,HIGH,0.7785200614456228,Normal
3620.0,1307.9412,1288.4706,1281.9805,202.51373,7.9686275,145.4,68.0,27.8,0.0,159.17648,66.2,194.0,23.597942,CRUISE_LOW,0.5840409899268447,Normal
5476.0,1275.4902,1294.9608,1288.4706,202.51373,62.75294,163.4,61.0,27.6,0.0,178.64706,42.799995,176.0,34.90093,HIGH,0.7273398634625263,Normal
5376.0,1269.0,1275.4902,1275.4902,202.51373,60.760784,167.0,60.0,27.6,0.0,178.64706,35.6,176.0,34.90093,HIGH,0.5202064433414788,Normal
4604.0,1333.902,1372.8431,1372.8431,198.50586,41.835293,177.79999,56.0,27.8,0.0,159.17648,5.0,183.2,32.223907,CRUISE,0.5198419831441724,Normal
4632.0,1333.902,1366.353,1359.8628,200.5098,39.843136,177.79999,56.0,27.8,0.0,165.66667,1.3999977,183.2,32.521355,CRUISE,0.5473596970805001,Normal
3472.0,1327.4117,1327.4117,1294.9608,202.51373,37.85098,177.79999,65.0,27.900002,0.0,185.13727,71.59999,192.2,14.377082,CRUISE_LOW,0.8561153118630467,Normal
5416.0,1269.0,1288.4706,1288.4706,202.51373,62.75294,159.79999,61.0,27.900002,0.0,172.15686,50.0,165.2,34.60348,HIGH,0.4616228541259584,Normal
4700.0,1366.353,1372.8431,1372.8431,202.51373,41.835293,206.6,56.0,27.7,0.0,185.13727,-2.2000008,183.2,31.331566,CRUISE,0.6965763035452067,Normal
3380.0,1230.0588,1230.0588,1197.6079,192.49411,5.9764705,149.0,67.0,27.5,0.0,139.70589,53.6,154.4,9.023036,CRUISE_LOW,0.8049904044370383,Normal
5392.0,1269.0,1294.9608,1294.9608,204.51764,60.760784,158.0,61.0,27.6,0.0,178.64706,50.0,161.59999,34.306034,HIGH,0.5294841861062491,Normal
5436.0,1275.4902,1288.4706,1281.9805,210.52942,7.9686275,145.4,66.0,27.6,0.0,211.09805,77.0,176.0,34.90093,HIGH,0.925824449797245,Normal
4656.0,1333.902,1359.8628,1372.8431,200.5098,41.835293,181.4,57.0,28.1,0.0,191.62746,5.0,183.2,31.92646,CRUISE,0.5314227742986247,Normal
4616.0,1333.902,1372.8431,1359.8628,200.5098,39.843136,177.79999,57.0,27.900002,0.0,185.13727,5.0,183.2,32.223907,CRUISE,0.4311266034568889,Normal
4840.0,1327.4117,1346.8823,1346.8823,200.5098,48.807842,192.2,54.0,28.0,0.0,178.64706,5.0,185.0,33.413696,CRUISE,0.7111420374859302,Normal
3748.0,1243.0393,1243.0393,1223.5686,202.51373,8.964705,152.59999,66.0,27.7,0.0,152.68628,32.0,163.4,10.51027,CRUISE_LOW,0.9428352018397218,Normal
2932.0,1256.0197,1236.5491,1191.1177,204.51764,6.972549,192.2,56.0,27.6,0.0,146.19608,89.59999,192.2,12.592401,CRUISE_LOW,0.6702648160129704,Normal
5324.0,1275.4902,1288.4706,1288.4706,198.50586,58.768627,183.2,57.0,27.6,0.0,152.68628,5.0,183.2,35.495823,HIGH,0.9914258087287344,Normal
4676.0,1359.8628,1366.353,1372.8431,202.51373,39.843136,206.6,55.0,27.7,0.0,191.62746,-2.2000008,183.2,31.629013,CRUISE,0.6360417830021328,Normal
3864.0,1269.0,1262.5099,1223.5686,210.52942,7.9686275,158.0,61.0,27.6,0.0,165.66667,84.2,168.79999,9.320483,CRUISE_LOW,0.4117606476174716,Normal
4608.0,1359.8628,1359.8628,1366.353,200.5098,41.835293,188.59999,56.0,27.7,0.0,198.11765,-2.2000008,183.2,31.92646,CRUISE,0.4414107389667568,Normal
5328.0,1275.4902,1288.4706,1288.4706,194.49803,59.764706,186.79999,56.0,27.6,0.0,165.66667,5.0,183.2,36.388165,HIGH,0.9885401513674296,Normal
5392.0,1333.902,1346.8823,1359.8628,210.52942,56.77647,168.79999,60.0,27.8,0.0,198.11765,35.6,167.0,34.60348,HIGH,0.9128509229497486,Normal
4152.0,1314.4314,1340.3922,1314.4314,200.5098,34.862743,177.79999,57.0,27.7,0.0,172.15686,-2.2000008,181.4,32.223907,CRUISE,0.7230351786664009,Normal
5356.0,1269.0,1294.9608,1288.4706,206.52155,63.74902,145.4,63.0,27.7,0.0,204.60785,75.2,177.79999,35.495823,HIGH,0.4966979917683903,Normal
5372.0,1275.4902,1294.9608,1294.9608,202.51373,62.75294,159.79999,61.0,27.7,0.0,191.62746,50.0,174.2,34.60348,HIGH,0.3156847164268311,Normal
5428.0,1269.0,1288.4706,1275.4902,204.51764,58.768627,143.59999,66.0,27.7,0.0,178.64706,71.59999,174.2,34.306034,HIGH,0.5750849217905256,Normal
5384.0,1340.3922,1359.8628,1366.353,210.52942,58.768627,165.2,60.0,28.2,0.0,198.11765,42.799995,174.2,34.60348,HIGH,0.9165473846206356,Normal
3792.0,1269.0,1262.5099,1210.5883,212.53333,10.956862,154.4,60.0,27.6,0.0,172.15686,82.399994,174.2,9.023036,CRUISE_LOW,0.518835391542447,Normal
3308.0,1243.0393,1243.0393,1191.1177,190.49019,7.9686275,149.0,65.0,27.5,0.0,146.19608,50.0,149.0,8.725589,CRUISE_LOW,0.7835289285301098,Normal
5496.0,1249.5294,1269.0,1262.5099,200.5098,60.760784,174.2,60.0,28.0,0.0,191.62746,19.400002,177.79999,34.90093,HIGH,0.8333379524356769,Normal
2952.0,1204.098,1210.5883,1171.6471,214.53723,11.952941,154.4,54.0,27.6,0.0,165.66667,78.8,172.4,10.51027,CRUISE_LOW,0.8847126331344937,Normal
5420.0,1256.0197,1288.4706,1275.4902,206.52155,61.756863,145.4,63.0,27.7,0.0,172.15686,64.399994,172.4,34.306034,HIGH,0.6324311923634526,Normal
4732.0,1366.353,1353.3726,1372.8431,202.51373,42.83137,201.19998,56.0,27.7,0.0,185.13727,-2.2000008,186.79999,31.629013,CRUISE,0.9214183435171104,Normal
5428.0,1256.0197,1288.4706,1288.4706,204.51764,62.75294,168.79999,60.0,27.900002,0.0,165.66667,32.0,190.4,35.495823,HIGH,0.6839326336645389,Normal
4164.0,1320.9216,1346.8823,1327.4117,200.5098,38.847057,183.2,56.0,27.7,0.0,172.15686,-5.800003,183.2,31.331566,CRUISE,0.6509241404285158,Normal
3096.0,1288.4706,1281.9805,1262.5099,214.53723,10.956862,183.2,63.0,28.400002,0.0,185.13727,59.0,192.2,17.351551,CRUISE_LOW,0.9947482465794218,Normal
4632.0,1340.3922,1359.8628,1372.8431,200.5098,41.835293,186.79999,57.0,27.7,0.0,165.66667,1.3999977,183.2,32.223907,CRUISE,0.4585084472659663,Normal
3164.0,1281.9805,1275.4902,1256.0197,214.53723,10.956862,183.2,63.0,28.400002,0.0,191.62746,59.0,194.0,17.054108,CRUISE_LOW,0.9704656434790828,Normal
4680.0,1366.353,1372.8431,1366.353,202.51373,39.843136,206.6,56.0,27.7,0.0,204.60785,-2.2000008,186.79999,31.629013,CRUISE,0.8102592861100726,Normal
5428.0,1327.4117,1346.8823,1353.3726,208.52548,58.768627,149.0,63.0,27.8,0.0,211.09805,62.6,176.0,34.306034,HIGH,0.7272243772384732,Normal
4548.0,1333.902,1372.8431,1359.8628,200.5098,39.843136,186.79999,57.0,27.7,0.0,191.62746,1.3999977,183.2,31.92646,CRUISE,0.4593165403948036,Normal
4636.0,1340.3922,1372.8431,1353.3726,198.50586,39.843136,183.2,56.0,28.1,0.0,159.17648,5.0,183.2,31.92646,CRUISE,0.5553293597928733,Normal
5440.0,1262.5099,1288.4706,1281.9805,206.52155,61.756863,149.0,62.0,27.7,0.0,185.13727,59.0,165.2,34.60348,HIGH,0.5941317711018131,Normal
4624.0,1333.902,1353.3726,1359.8628,200.5098,42.83137,186.79999,56.0,27.7,0.0,165.66667,1.3999977,183.2,32.223907,CRUISE,0.5262782604003149,Normal
2900.0,1262.5099,1262.5099,1204.098,200.5098,7.9686275,192.2,62.0,27.7,0.0,185.13727,78.8,190.4,14.674529,CRUISE_LOW,0.4920140533114679,Normal
4548.0,1340.3922,1359.8628,1359.8628,202.51373,37.85098,215.6,56.0,27.7,0.0,204.60785,-2.2000008,185.0,31.331566,CRUISE,0.6779915551957356,Normal
3608.0,1294.9608,1301.451,1275.4902,202.51373,37.85098,181.4,65.0,27.900002,0.0,172.15686,71.59999,194.0,13.187295,CRUISE_LOW,0.8410641223323401,Normal
4912.0,1333.902,1359.8628,1346.8823,198.50586,48.807842,194.0,54.0,27.900002,0.0,185.13727,1.3999977,183.2,33.11625,CRUISE,0.7514361396112155,Normal
5424.0,1301.451,1314.4314,1314.4314,210.52942,58.768627,149.0,65.0,27.900002,0.0,185.13727,78.8,174.2,34.60348,HIGH,0.7529490795748877,Normal
3184.0,1256.0197,1281.9805,1230.0588,200.5098,7.9686275,118.399994,67.0,27.7,0.0,107.25491,73.399994,194.0,13.782187,CRUISE_LOW,0.5405620504762042,Normal
5380.0,1269.0,1294.9608,1288.4706,206.52155,60.760784,152.59999,63.0,27.6,0.0,198.11765,57.199997,177.79999,34.60348,HIGH,0.4310217292506964,Normal
4700.0,1359.8628,1366.353,1372.8431,202.51373,41.835293,203.0,56.0,27.7,0.0,185.13727,-2.2000008,186.79999,31.331566,CRUISE,0.9447822124442824,Normal
5472.0,1256.0197,1288.4706,1281.9805,202.51373,62.75294,170.59999,58.0,28.1,0.0,172.15686,28.399994,188.59999,34.90093,HIGH,0.7816734766193305,Normal
4760.0,1327.4117,1359.8628,1333.902,200.5098,52.792156,190.4,56.0,28.0,0.0,172.15686,1.3999977,183.2,33.413696,CRUISE,0.6122711414188815,Normal
4568.0,1320.9216,1353.3726,1346.8823,198.50586,39.843136,177.79999,58.0,27.8,0.0,185.13727,5.0,183.2,32.521355,CRUISE,0.4292364500096555,Normal
4848.0,1327.4117,1359.8628,1346.8823,200.5098,48.807842,192.2,56.0,27.900002,0.0,165.66667,1.3999977,183.2,33.711143,CRUISE,0.6025498251138116,Normal
4660.0,1346.8823,1372.8431,1359.8628,202.51373,39.843136,206.6,56.0,27.7,0.0,224.07843,-2.2000008,186.79999,31.331566,CRUISE,0.9087547359936532,Normal
4752.0,1359.8628,1353.3726,1353.3726,200.5098,46.815685,201.19998,56.0,27.7,0.0,204.60785,-2.2000008,186.79999,31.92646,CRUISE,0.749276513313708,Normal
4568.0,1340.3922,1359.8628,1372.8431,202.51373,39.843136,215.6,56.0,27.7,0.0,230.56863,-2.2000008,186.79999,31.034119,CRUISE,0.8608174485312651,Normal
4392.0,1320.9216,1353.3726,1333.902,202.51373,3.9843137,206.6,56.0,27.7,0.0,230.56863,-2.2000008,183.2,31.331566,CRUISE,0.8275682370894231,Normal
4656.0,1346.8823,1372.8431,1372.8431,202.51373,39.843136,206.6,56.0,27.7,0.0,198.11765,-2.2000008,183.2,31.331566,CRUISE,0.7690205158330955,Normal
4672.0,1333.902,1359.8628,1353.3726,198.50586,41.835293,181.4,56.0,28.0,0.0,159.17648,5.0,183.2,32.223907,CRUISE,0.7210615426054019,Normal
4596.0,1346.8823,1372.8431,1372.8431,200.5098,39.843136,190.4,56.0,27.7,0.0,178.64706,-2.2000008,183.2,32.521355,CRUISE,0.52878348155534,Normal
4680.0,1346.8823,1359.8628,1366.353,204.51764,41.835293,213.79999,56.0,27.7,0.0,191.62746,-2.2000008,183.2,31.034119,CRUISE,0.5779511277648158,Normal
5324.0,1269.0,1288.4706,1288.4706,194.49803,58.768627,183.2,57.0,27.6,0.0,185.13727,5.0,183.2,35.79327,HIGH,0.8749274846998452,Normal
4664.0,1366.353,1366.353,1359.8628,202.51373,41.835293,206.6,56.0,27.7,0.0,198.11765,-2.2000008,186.79999,31.629013,CRUISE,0.6696506174798629,Normal
5468.0,1269.0,1288.4706,1281.9805,202.51373,61.756863,161.59999,61.0,27.8,0.0,178.64706,42.799995,177.79999,34.60348,HIGH,0.558986319257955,Normal
2984.0,1256.0197,1249.5294,1223.5686,198.50586,56.77647,177.79999,56.0,27.6,0.0,146.19608,86.0,190.4,12.294953,CRUISE_LOW,0.8121687503421,Normal
5488.0,1269.0,1288.4706,1275.4902,202.51373,6.972549,170.59999,61.0,27.6,0.0,198.11765,23.0,172.4,34.90093,HIGH,0.9494610034762015,Normal
4784.0,1327.4117,1359.8628,1340.3922,200.5098,47.811764,190.4,56.0,28.1,0.0,165.66667,1.3999977,183.2,33.11625,CRUISE,0.6330167452103183,Normal
5416.0,1275.4902,1294.9608,1288.4706,210.52942,62.75294,149.0,63.0,27.6,0.0,204.60785,59.0,177.79999,34.60348,HIGH,0.4521260739545443,Normal
4804.0,1327.4117,1346.8823,1340.3922,200.5098,52.792156,190.4,56.0,28.1,0.0,172.15686,1.3999977,183.2,33.413696,CRUISE,0.6630635042068306,Normal
4568.0,1333.902,1359.8628,1353.3726,202.51373,39.843136,215.6,56.0,27.7,0.0,191.62746,-2.2000008,183.2,30.736671,CRUISE,0.4912878597258305,Normal
2952.0,1243.0393,1223.5686,1197.6079,204.51764,7.9686275,174.2,57.0,27.6,0.0,185.13727,89.59999,165.2,14.377082,CRUISE_LOW,0.5884567613599627,Normal
3460.0,1243.0393,1262.5099,1230.0588,200.5098,8.964705,158.0,65.0,27.6,0.0,146.19608,64.399994,165.2,14.079635,CRUISE_LOW,0.5035496877037492,Normal
2980.0,1243.0393,1230.0588,1197.6079,212.53333,7.9686275,179.59999,57.0,27.6,0.0,178.64706,89.59999,192.2,14.079635,CRUISE_LOW,0.6539797533904039,Normal
5452.0,1256.0197,1281.9805,1275.4902,206.52155,61.756863,145.4,63.0,27.7,0.0,211.09805,64.399994,167.0,34.306034,HIGH,0.8083677342527136,Normal
5420.0,1269.0,1281.9805,1281.9805,206.52155,60.760784,149.0,63.0,27.6,0.0,178.64706,59.0,177.79999,34.306034,HIGH,0.4321744093835927,Normal
2900.0,1256.0197,1269.0,1204.098,204.51764,7.9686275,190.4,62.0,28.6,0.0,191.62746,78.8,192.2,14.674529,CRUISE_LOW,0.5679135785401893,Normal
3216.0,1256.0197,1236.5491,1204.098,200.5098,7.9686275,183.2,57.0,27.6,0.0,139.70589,86.0,192.2,11.997506,CRUISE_LOW,0.5693034832586799,Normal
2992.0,1262.5099,1294.9608,1223.5686,202.51373,8.964705,183.2,63.0,28.5,0.0,152.68628,62.6,176.0,15.2694235,CRUISE_LOW,0.6951936991221971,Normal
5440.0,1281.9805,1314.4314,1294.9608,212.53333,65.74117,167.0,53.0,27.6,0.0,191.62746,84.2,183.2,35.495823,HIGH,0.984342961818326,Normal
5308.0,1301.451,1320.9216,1333.902,210.52942,59.764706,143.59999,63.0,27.8,0.0,191.62746,66.2,172.4,35.495823,HIGH,0.8266316370992804,Normal
5464.0,1262.5099,1275.4902,1262.5099,202.51373,62.75294,172.4,60.0,27.6,0.0,191.62746,19.400002,168.79999,34.90093,HIGH,0.7881021293173702,Normal
5420.0,1256.0197,1288.4706,1288.4706,202.51373,62.75294,170.59999,60.0,28.0,0.0,172.15686,28.399994,181.4,34.90093,HIGH,0.568365756074372,Normal
3420.0,1249.5294,1249.5294,1204.098,192.49411,5.9764705,149.0,67.0,27.5,0.0,139.70589,53.6,152.59999,8.725589,CRUISE_LOW,0.8535215993053331,Normal
5264.0,1269.0,1294.9608,1294.9608,210.52942,63.74902,145.4,63.0,27.7,0.0,204.60785,75.2,177.79999,35.198376,HIGH,0.7450263551194168,Normal
3408.0,1275.4902,1275.4902,1236.5491,218.5451,7.9686275,154.4,66.0,27.7,0.0,172.15686,57.199997,174.2,11.997506,CRUISE_LOW,0.6561851219495489,Normal
4652.0,1359.8628,1359.8628,1359.8628,202.51373,38.847057,199.4,56.0,27.7,0.0,185.13727,-2.2000008,186.79999,32.223907,CRUISE,0.7747846025789075,Normal
4660.0,1366.353,1366.353,1359.8628,202.51373,41.835293,199.4,56.0,27.7,0.0,185.13727,-2.2000008,183.2,31.92646,CRUISE,0.7888897454212775,Normal
5432.0,1327.4117,1353.3726,1353.3726,206.52155,58.768627,149.0,63.0,27.8,0.0,191.62746,62.6,177.79999,34.306034,HIGH,0.7108610191948951,Normal
5364.0,1275.4902,1294.9608,1294.9608,204.51764,62.75294,159.79999,61.0,27.7,0.0,172.15686,50.0,167.0,34.90093,HIGH,0.4384772619282713,Normal
4828.0,1327.4117,1346.8823,1340.3922,200.5098,48.807842,203.0,55.0,28.0,0.0,185.13727,1.3999977,183.2,32.8188,CRUISE,0.7711024824335756,Normal
4632.0,1359.8628,1359.8628,1366.353,202.51373,38.847057,199.4,56.0,27.7,0.0,185.13727,-2.2000008,183.2,31.92646,CRUISE,0.7655370131309931,Normal
3168.0,1301.451,1288.4706,1275.4902,198.50586,7.9686275,138.2,68.0,27.8,0.0,126.725494,66.2,190.4,14.079635,CRUISE_LOW,0.6170562040972081,Normal
5452.0,1314.4314,1340.3922,1333.902,194.49803,58.768627,190.4,60.0,27.8,0.0,172.15686,5.0,177.79999,34.60348,HIGH,0.9311256437609056,Normal
4744.0,1366.353,1372.8431,1359.8628,202.51373,41.835293,203.0,56.0,27.7,0.0,185.13727,-2.2000008,186.79999,31.629013,CRUISE,0.9946638435223276,Normal
4620.0,1359.8628,1366.353,1366.353,200.5098,41.835293,190.4,56.0,27.7,0.0,198.11765,-2.2000008,183.2,32.223907,CRUISE,0.4857069855451615,Normal
4600.0,1346.8823,1372.8431,1372.8431,204.51764,37.85098,215.6,56.0,27.7,0.0,230.56863,-2.2000008,183.2,31.034119,CRUISE,0.7514409418773977,Normal
5448.0,1327.4117,1346.8823,1346.8823,210.52942,58.768627,147.2,63.0,27.8,0.0,198.11765,62.6,165.2,34.60348,HIGH,0.8948316570082454,Normal
4556.0,1340.3922,1366.353,1359.8628,202.51373,37.85098,215.6,56.0,27.7,0.0,204.60785,-2.2000008,186.79999,31.034119,CRUISE,0.7385364605340826,Normal
5484.0,1269.0,1288.4706,1275.4902,200.5098,62.75294,150.79999,62.0,27.7,0.0,178.64706,57.199997,170.59999,34.306034,HIGH,0.6043911596608262,Normal
2812.0,1256.0197,1269.0,1204.098,200.5098,7.9686275,186.79999,61.0,28.1,0.0,185.13727,78.8,183.2,15.2694235,CRUISE_LOW,0.5331983898269885,Normal
5432.0,1256.0197,1269.0,1269.0,198.50586,63.74902,174.2,57.0,28.0,0.0,159.17648,19.400002,179.59999,34.90093,HIGH,0.9271944523848752,Normal
4516.0,1346.8823,1366.353,1372.8431,200.5098,38.847057,188.59999,56.0,27.7,0.0,211.09805,-2.2000008,183.2,31.629013,CRUISE,0.7632813541313814,Normal
5488.0,1256.0197,1275.4902,1269.0,200.5098,63.74902,176.0,60.0,27.6,0.0,159.17648,15.799995,177.79999,34.90093,HIGH,0.8575352314690947,Normal
4724.0,1366.353,1359.8628,1372.8431,202.51373,41.835293,203.0,56.0,27.7,0.0,191.62746,-2.2000008,185.0,31.92646,CRUISE,0.727839165617602,Normal
4424.0,1333.902,1353.3726,1359.8628,200.5098,36.8549,192.2,56.0,27.7,0.0,198.11765,-2.2000008,183.2,31.629013,CRUISE,0.6198779739486868,Normal
4608.0,1333.902,1359.8628,1353.3726,200.5098,41.835293,177.79999,56.0,27.8,0.0,165.66667,5.0,183.2,32.521355,CRUISE,0.3742836853938353,Normal
4532.0,1333.902,1366.353,1353.3726,204.51764,38.847057,213.79999,56.0,27.7,0.0,230.56863,-2.2000008,183.2,31.331566,CRUISE,0.6236844284712343,Normal
4160.0,1314.4314,1346.8823,1327.4117,200.5098,31.87451,154.4,57.0,27.7,0.0,146.19608,-2.2000008,179.59999,31.629013,CRUISE,0.8391005781740406,Normal
3780.0,1275.4902,1249.5294,1223.5686,210.52942,7.9686275,158.0,61.0,27.6,0.0,146.19608,84.2,170.59999,9.6179285,CRUISE_LOW,0.4767167226297831,Normal
4748.0,1346.8823,1366.353,1372.8431,200.5098,41.835293,183.2,57.0,27.8,0.0,172.15686,1.3999977,183.2,32.521355,CRUISE,0.5893265651083883,Normal
4704.0,1372.8431,1372.8431,1359.8628,202.51373,39.843136,206.6,56.0,27.7,0.0,191.62746,-2.2000008,186.79999,31.629013,CRUISE,0.7627254791634809,Normal
4740.0,1359.8628,1372.8431,1366.353,200.5098,41.835293,190.4,57.0,27.7,0.0,185.13727,-2.2000008,186.79999,32.223907,CRUISE,0.8114263949032638,Normal
4456.0,1333.902,1359.8628,1353.3726,202.51373,38.847057,213.79999,56.0,27.7,0.0,230.56863,-2.2000008,183.2,31.034119,CRUISE,0.8727689720507964,Normal
3064.0,1262.5099,1236.5491,1210.5883,202.51373,7.9686275,109.399994,67.0,27.6,0.0,100.76471,84.2,190.4,13.48474,CRUISE_LOW,0.6865662141480544,Normal
4560.0,1340.3922,1366.353,1372.8431,202.51373,38.847057,215.6,56.0,27.7,0.0,204.60785,-2.2000008,186.79999,31.034119,CRUISE,0.6841001937167461,Normal
3124.0,1269.0,1243.0393,1236.5491,200.5098,7.9686275,145.4,64.0,27.6,0.0,120.23529,84.2,190.4,13.48474,CRUISE_LOW,0.4666701023974358,Normal
4412.0,1340.3922,1372.8431,1359.8628,202.51373,37.85098,199.4,56.0,27.7,0.0,191.62746,-2.2000008,183.2,31.629013,CRUISE,0.6638162623654816,Normal
2980.0,1262.5099,1288.4706,1236.5491,198.50586,37.85098,177.79999,61.0,27.7,0.0,172.15686,78.8,190.4,13.782187,CRUISE_LOW,0.6683372792544454,Normal
4440.0,1333.902,1366.353,1359.8628,198.50586,37.85098,186.79999,56.0,27.7,0.0,204.60785,-2.2000008,183.2,31.92646,CRUISE,0.6396026035785254,Normal
4720.0,1353.3726,1372.8431,1372.8431,202.51373,39.843136,210.19998,56.0,27.7,0.0,191.62746,-2.2000008,186.79999,31.034119,CRUISE,0.939325899138289,Normal
4480.0,1346.8823,1359.8628,1372.8431,200.5098,38.847057,186.79999,56.0,27.7,0.0,191.62746,-2.2000008,183.2,31.629013,CRUISE,0.8299717946975642,Normal
4552.0,1346.8823,1359.8628,1366.353,202.51373,41.835293,186.79999,56.0,27.7,0.0,178.64706,1.3999977,183.2,31.92646,CRUISE,0.4834440549493529,Normal
4384.0,1333.902,1359.8628,1346.8823,202.51373,37.85098,201.19998,56.0,27.7,0.0,224.07843,-2.2000008,183.2,31.331566,CRUISE,0.6887444007003476,Normal
3844.0,1236.5491,1236.5491,1223.5686,204.51764,8.964705,152.59999,66.0,27.7,0.0,152.68628,32.0,165.2,10.212823,CRUISE_LOW,0.9973155238882022,Normal
5428.0,1269.0,1288.4706,1281.9805,206.52155,60.760784,167.0,60.0,27.6,0.0,172.15686,35.6,172.4,34.90093,HIGH,0.574187048112064,Normal
3084.0,1301.451,1275.4902,1262.5099,202.51373,7.9686275,132.79999,68.0,27.8,0.0,133.2157,66.2,190.4,14.377082,CRUISE_LOW,0.6125877230887241,Normal
2920.0,1262.5099,1262.5099,1204.098,200.5098,7.9686275,190.4,62.0,27.7,0.0,178.64706,78.8,192.2,14.377082,CRUISE_LOW,0.4555132279468957,Normal
4748.0,1366.353,1372.8431,1372.8431,202.51373,41.835293,203.0,57.0,27.7,0.0,185.13727,-2.2000008,183.2,31.92646,CRUISE,0.7429790977939283,Normal
4492.0,1320.9216,1353.3726,1346.8823,198.50586,39.843136,177.79999,56.0,27.900002,0.0,165.66667,5.0,186.79999,31.629013,CRUISE,0.4923210948422166,Normal
5472.0,1314.4314,1333.902,1333.902,208.52548,58.768627,159.79999,62.0,28.1,0.0,198.11765,50.0,176.0,34.60348,HIGH,0.5688500941560849,Normal
5464.0,1256.0197,1281.9805,1275.4902,210.52942,61.756863,145.4,63.0,27.7,0.0,185.13727,64.399994,174.2,34.306034,HIGH,0.725608697976738,Normal
4572.0,1333.902,1372.8431,1359.8628,204.51764,37.85098,215.6,54.0,27.7,0.0,204.60785,-2.2000008,186.79999,31.034119,CRUISE,0.7888123136450946,Normal
5428.0,1262.5099,1275.4902,1275.4902,202.51373,63.74902,172.4,58.0,27.6,0.0,191.62746,19.400002,177.79999,35.198376,HIGH,0.6717993892383645,Normal
3776.0,1269.0,1262.5099,1210.5883,210.52942,10.956862,154.4,60.0,27.6,0.0,152.68628,84.2,172.4,9.023036,CRUISE_LOW,0.5278542934501348,Normal
4864.0,1333.902,1353.3726,1346.8823,200.5098,48.807842,192.2,56.0,28.0,0.0,191.62746,1.3999977,183.2,33.711143,CRUISE,0.57638195155625,Normal
4536.0,1340.3922,1372.8431,1359.8628,202.51373,39.843136,215.6,56.0,27.7,0.0,224.07843,-2.2000008,186.79999,31.034119,CRUISE,0.8652132683016103,Normal
4708.0,1366.353,1366.353,1366.353,202.51373,41.835293,201.19998,56.0,27.7,0.0,185.13727,-2.2000008,186.79999,31.92646,CRUISE,0.7974885537902581,Normal
5368.0,1320.9216,1340.3922,1346.8823,210.52942,56.77647,150.79999,64.0,27.8,0.0,198.11765,59.0,179.59999,34.306034,HIGH,0.7587652837484793,Normal
5432.0,1262.5099,1288.4706,1275.4902,204.51764,62.75294,143.59999,63.0,27.7,0.0,204.60785,66.2,177.79999,34.306034,HIGH,0.5194694476549423,Normal
5400.0,1275.4902,1294.9608,1288.4706,206.52155,60.760784,152.59999,62.0,27.6,0.0,204.60785,57.199997,177.79999,34.306034,HIGH,0.373767391983089,Normal
3488.0,1243.0393,1249.5294,1223.5686,202.51373,10.956862,185.0,65.0,28.5,0.0,172.15686,64.399994,183.2,13.48474,CRUISE_LOW,0.7740227267483222,Normal
5380.0,1275.4902,1288.4706,1288.4706,206.52155,7.9686275,149.0,65.0,27.7,0.0,211.09805,78.8,165.2,34.90093,HIGH,0.9832799249932618,Normal
5504.0,1269.0,1288.4706,1281.9805,202.51373,6.972549,170.59999,58.0,27.6,0.0,191.62746,23.0,190.4,34.90093,HIGH,0.9133138910956444,Normal
3472.0,1243.0393,1256.0197,1223.5686,210.52942,11.952941,179.59999,66.0,28.5,0.0,172.15686,64.399994,179.59999,13.187295,CRUISE_LOW,0.8692205989209221,Normal
2980.0,1262.5099,1288.4706,1230.0588,200.5098,37.85098,179.59999,62.0,27.7,0.0,152.68628,77.0,192.2,14.079635,CRUISE_LOW,0.6705659961313977,Normal
5400.0,1262.5099,1281.9805,1281.9805,204.51764,60.760784,167.0,60.0,27.7,0.0,191.62746,32.0,167.0,34.90093,HIGH,0.5255733162454398,Normal
3312.0,1243.0393,1249.5294,1223.5686,206.52155,8.964705,159.79999,65.0,27.6,0.0,146.19608,66.2,177.79999,12.889848,CRUISE_LOW,0.5157242104821658,Normal
4504.0,1346.8823,1366.353,1372.8431,200.5098,38.847057,188.59999,56.0,27.7,0.0,211.09805,-2.2000008,183.2,31.629013,CRUISE,0.7665450190965908,Normal
3116.0,1301.451,1281.9805,1262.5099,200.5098,7.9686275,131.0,68.0,27.8,0.0,152.68628,66.2,194.0,14.377082,CRUISE_LOW,0.620986622506772,Normal
4540.0,1346.8823,1372.8431,1359.8628,202.51373,39.843136,215.6,56.0,27.7,0.0,191.62746,-2.2000008,186.79999,31.034119,CRUISE,0.8188362271567351,Normal
5284.0,1301.451,1320.9216,1327.4117,210.52942,59.764706,143.59999,65.0,27.8,0.0,191.62746,66.2,179.59999,35.198376,HIGH,0.8823566779918123,Normal
3240.0,1236.5491,1243.0393,1223.5686,202.51373,8.964705,159.79999,66.0,27.6,0.0,172.15686,66.2,170.59999,13.48474,CRUISE_LOW,0.502361414151588,Normal
2996.0,1288.4706,1288.4706,1275.4902,202.51373,22.909803,177.79999,56.0,27.6,0.0,139.70589,84.2,192.2,12.294953,CRUISE_LOW,0.9306757609417516,Normal
4932.0,1327.4117,1346.8823,1340.3922,200.5098,48.807842,203.0,56.0,28.0,0.0,185.13727,1.3999977,183.2,33.413696,CRUISE,0.7713053705832619,Normal
5396.0,1314.4314,1340.3922,1340.3922,210.52942,58.768627,159.79999,61.0,28.2,0.0,198.11765,50.0,159.79999,34.60348,HIGH,0.6765205521275108,Normal
3064.0,1294.9608,1288.4706,1269.0,204.51764,6.972549,188.59999,63.0,28.5,0.0,198.11765,71.59999,190.4,14.079635,CRUISE_LOW,0.7022354381197397,Normal
5312.0,1294.9608,1314.4314,1314.4314,210.52942,58.768627,145.4,66.0,27.8,0.0,217.58826,75.2,177.79999,34.60348,HIGH,0.926887433280708,Normal
4276.0,1314.4314,1353.3726,1333.902,210.52942,37.85098,143.59999,56.0,27.7,0.0,133.2157,-2.2000008,177.79999,31.629013,CRUISE,0.9527521752710588,Normal
2936.0,1249.5294,1249.5294,1204.098,200.5098,56.77647,177.79999,56.0,27.6,0.0,139.70589,84.2,194.0,12.294953,CRUISE_LOW,0.8465859973202605,Normal
4232.0,1314.4314,1346.8823,1320.9216,200.5098,38.847057,179.59999,56.0,27.7,0.0,165.66667,-5.800003,181.4,31.92646,CRUISE,0.6558374849537926,Normal
3088.0,1256.0197,1230.0588,1210.5883,204.51764,7.9686275,98.59999,67.0,27.5,0.0,100.76471,84.2,183.2,13.782187,CRUISE_LOW,0.8212107850179127,Normal
4488.0,1333.902,1359.8628,1359.8628,202.51373,37.85098,210.19998,56.0,27.7,0.0,204.60785,-2.2000008,183.2,31.331566,CRUISE,0.5756183496825598,Normal
3040.0,1269.0,1249.5294,1230.0588,182.4745,6.972549,100.399994,69.0,27.8,0.0,133.2157,66.2,159.79999,14.377082,CRUISE_LOW,0.8264080431623458,Normal
5340.0,1301.451,1320.9216,1320.9216,206.52155,57.77255,145.4,66.0,27.900002,0.0,211.09805,77.0,177.79999,34.90093,HIGH,0.8674065190598247,Normal
5432.0,1327.4117,1346.8823,1353.3726,206.52155,58.768627,145.4,64.0,27.8,0.0,198.11765,64.399994,176.0,34.306034,HIGH,0.7669741690394296,Normal
5256.0,1301.451,1320.9216,1327.4117,210.52942,59.764706,143.59999,65.0,27.8,0.0,191.62746,66.2,183.2,34.90093,HIGH,0.9177149071951028,Normal
3112.0,1294.9608,1288.4706,1256.0197,200.5098,7.9686275,116.59999,68.0,27.8,0.0,146.19608,66.2,183.2,14.377082,CRUISE_LOW,0.590517089343785,Normal
3060.0,1275.4902,1249.5294,1230.0588,184.47842,6.972549,100.399994,69.0,27.8,0.0,133.2157,66.2,161.59999,14.377082,CRUISE_LOW,0.7789656852862697,Normal
4108.0,1301.451,1333.902,1314.4314,200.5098,33.866665,152.59999,57.0,27.7,0.0,146.19608,-2.2000008,179.59999,31.92646,CRUISE,0.896788066467557,Normal
4868.0,1327.4117,1346.8823,1346.8823,200.5098,48.807842,194.0,55.0,27.900002,0.0,172.15686,5.0,186.79999,33.413696,CRUISE,0.8383499397965801,Normal
4668.0,1359.8628,1359.8628,1353.3726,202.51373,41.835293,206.6,56.0,27.7,0.0,191.62746,-2.2000008,186.79999,31.629013,CRUISE,0.8202093418197636,Normal
4544.0,1340.3922,1372.8431,1366.353,202.51373,38.847057,215.6,56.0,27.7,0.0,230.56863,-2.2000008,186.79999,31.034119,CRUISE,0.7925732329155093,Normal
4648.0,1340.3922,1372.8431,1359.8628,202.51373,39.843136,215.6,56.0,27.7,0.0,224.07843,-2.2000008,186.79999,30.736671,CRUISE,0.7208443338755226,Normal
2868.0,1243.0393,1204.098,1197.6079,200.5098,6.972549,177.79999,56.0,27.6,0.0,185.13727,89.59999,174.2,14.971976,CRUISE_LOW,0.6004970929285921,Normal
2948.0,1269.0,1281.9805,1230.0588,202.51373,7.9686275,190.4,63.0,28.5,0.0,198.11765,78.8,192.2,14.377082,CRUISE_LOW,0.5349895603930875,Normal
5484.0,1256.0197,1288.4706,1275.4902,206.52155,61.756863,145.4,63.0,27.8,0.0,185.13727,62.6,174.2,34.306034,HIGH,0.6677402452511172,Normal
5408.0,1275.4902,1294.9608,1294.9608,206.52155,62.75294,165.2,60.0,27.7,0.0,172.15686,39.199997,170.59999,34.60348,HIGH,0.3971146737749914,Normal
5452.0,1249.5294,1269.0,1269.0,196.50195,62.75294,177.79999,57.0,27.6,0.0,178.64706,12.199997,179.59999,34.90093,HIGH,0.9273399728778834,Normal
2972.0,1256.0197,1243.0393,1197.6079,202.51373,7.9686275,190.4,56.0,27.6,0.0,172.15686,89.59999,190.4,12.294953,CRUISE_LOW,0.6139910414189417,Normal
5436.0,1262.5099,1275.4902,1275.4902,198.50586,63.74902,176.0,58.0,27.6,0.0,172.15686,19.400002,177.79999,34.90093,HIGH,0.8285444690273577,Normal
5364.0,1320.9216,1340.3922,1346.8823,212.53333,56.77647,150.79999,63.0,27.8,0.0,191.62746,59.0,174.2,34.60348,HIGH,0.8117908673635961,Normal
5396.0,1269.0,1288.4706,1288.4706,210.52942,58.768627,143.59999,66.0,27.7,0.0,185.13727,73.399994,177.79999,34.00859,HIGH,0.5167838751532398,Normal
5372.0,1301.451,1314.4314,1320.9216,210.52942,58.768627,145.4,65.0,27.8,0.0,204.60785,73.399994,167.0,34.90093,HIGH,0.8095172355576954,Normal
3076.0,1269.0,1256.0197,1236.5491,198.50586,7.9686275,143.59999,67.0,27.7,0.0,126.725494,75.2,192.2,13.782187,CRUISE_LOW,0.534042311296859,Normal
4736.0,1372.8431,1366.353,1359.8628,202.51373,41.835293,203.0,56.0,27.7,0.0,204.60785,-2.2000008,186.79999,31.629013,CRUISE,0.7887917758453971,Normal
3240.0,1294.9608,1275.4902,1269.0,224.55685,7.9686275,154.4,65.0,27.8,0.0,191.62746,62.6,183.2,15.566871,CRUISE_LOW,0.8170541021474504,Normal
4644.0,1346.8823,1359.8628,1359.8628,202.51373,39.843136,215.6,56.0,27.7,0.0,191.62746,-2.2000008,186.79999,31.331566,CRUISE,0.8471633503211604,Normal
4600.0,1340.3922,1359.8628,1359.8628,204.51764,39.843136,215.6,56.0,27.7,0.0,217.58826,-2.2000008,186.79999,31.034119,CRUISE,0.8424563515397295,Normal
3060.0,1275.4902,1275.4902,1269.0,202.51373,7.9686275,177.79999,63.0,27.900002,0.0,191.62746,71.59999,177.79999,14.377082,CRUISE_LOW,0.536957210121649,Normal
3196.0,1236.5491,1236.5491,1223.5686,202.51373,8.964705,159.79999,63.0,27.6,0.0,152.68628,66.2,165.2,14.377082,CRUISE_LOW,0.5056719864105119,Normal
4080.0,1307.9412,1333.902,1320.9216,202.51373,32.870586,167.0,57.0,27.7,0.0,185.13727,-2.2000008,183.2,31.92646,CRUISE,0.8418354200301954,Normal
3384.0,1275.4902,1275.4902,1236.5491,218.5451,7.9686275,154.4,66.0,27.7,0.0,152.68628,57.199997,172.4,11.997506,CRUISE_LOW,0.7057097883840221,Normal
5456.0,1340.3922,1353.3726,1353.3726,208.52548,56.77647,174.2,60.0,27.8,0.0,185.13727,32.0,172.4,34.60348,HIGH,0.8902142684146666,Normal
2900.0,1256.0197,1262.5099,1204.098,202.51373,7.9686275,190.4,62.0,28.5,0.0,198.11765,78.8,192.2,14.674529,CRUISE_LOW,0.5827823913210237,Normal
2964.0,1256.0197,1281.9805,1223.5686,202.51373,16.933332,179.59999,63.0,27.8,0.0,159.17648,77.0,188.59999,14.079635,CRUISE_LOW,0.6227101957444249,Normal
3372.0,1269.0,1275.4902,1236.5491,220.54901,7.9686275,154.4,65.0,27.7,0.0,152.68628,57.199997,172.4,12.294953,CRUISE_LOW,0.7248695818246245,Normal
4480.0,1333.902,1372.8431,1353.3726,202.51373,38.847057,215.6,56.0,27.7,0.0,204.60785,-2.2000008,183.2,31.034119,CRUISE,0.7939723475459539,Normal
4744.0,1366.353,1359.8628,1359.8628,200.5098,46.815685,201.19998,57.0,27.7,0.0,185.13727,-2.2000008,186.79999,32.223907,CRUISE,0.8225313656836697,Normal
4532.0,1320.9216,1346.8823,1346.8823,198.50586,39.843136,179.59999,56.0,27.900002,0.0,165.66667,5.0,183.2,31.629013,CRUISE,0.4260735214512633,Normal
4500.0,1333.902,1372.8431,1353.3726,202.51373,41.835293,213.79999,55.0,27.7,0.0,224.07843,-2.2000008,186.79999,30.736671,CRUISE,0.7433876865715596,Normal
4624.0,1346.8823,1359.8628,1372.8431,202.51373,41.835293,186.79999,56.0,27.7,0.0,198.11765,1.3999977,183.2,32.521355,CRUISE,0.4770205583512968,Normal
4608.0,1340.3922,1359.8628,1366.353,200.5098,41.835293,186.79999,56.0,27.7,0.0,198.11765,1.3999977,183.2,32.521355,CRUISE,0.4222244814358892,Normal
5448.0,1249.5294,1269.0,1269.0,194.49803,62.75294,177.79999,58.0,27.6,0.0,165.66667,12.199997,177.79999,35.495823,HIGH,0.9270188858521587,Normal
5376.0,1333.902,1346.8823,1353.3726,210.52942,56.77647,168.79999,61.0,27.8,0.0,185.13727,35.6,172.4,34.60348,HIGH,0.9000792766814183,Normal
4712.0,1333.902,1359.8628,1359.8628,200.5098,41.835293,183.2,56.0,27.7,0.0,172.15686,1.3999977,183.2,31.92646,CRUISE,0.4704180451530758,Normal
2880.0,1262.5099,1269.0,1204.098,202.51373,7.9686275,190.4,62.0,27.900002,0.0,191.62746,78.8,192.2,14.674529,CRUISE_LOW,0.5210555765091359,Normal
3124.0,1269.0,1243.0393,1223.5686,202.51373,7.9686275,96.8,67.0,27.5,0.0,100.76471,82.399994,177.79999,13.48474,CRUISE_LOW,0.7626486990856769,Normal
3572.0,1243.0393,1256.0197,1210.5883,214.53723,7.9686275,159.79999,61.0,27.6,0.0,165.66667,84.2,172.4,9.915376,CRUISE_LOW,0.4365173362044662,Normal
2780.0,1256.0197,1269.0,1204.098,200.5098,7.9686275,177.79999,62.0,28.400002,0.0,185.13727,78.8,177.79999,15.566871,CRUISE_LOW,0.5549983124254201,Normal
3012.0,1262.5099,1288.4706,1210.5883,202.51373,8.964705,179.59999,63.0,28.5,0.0,178.64706,62.6,176.0,15.2694235,CRUISE_LOW,0.6799630825991185,Normal
5380.0,1314.4314,1340.3922,1340.3922,210.52942,58.768627,159.79999,63.0,28.2,0.0,217.58826,50.0,159.79999,34.90093,HIGH,0.7964493387520857,Normal
5392.0,1333.902,1353.3726,1359.8628,210.52942,56.77647,168.79999,61.0,27.8,0.0,191.62746,35.6,167.0,34.60348,HIGH,0.937209013887052,Normal
5448.0,1269.0,1288.4706,1281.9805,204.51764,60.760784,161.59999,60.0,27.6,0.0,172.15686,42.799995,177.79999,34.90093,HIGH,0.4645719251109062,Normal
3572.0,1256.0197,1269.0,1249.5294,206.52155,13.945098,167.0,66.0,28.2,0.0,159.17648,66.2,174.2,12.889848,CRUISE_LOW,0.8002059609881721,Normal
3152.0,1281.9805,1281.9805,1281.9805,204.51764,6.972549,174.2,65.0,28.0,0.0,198.11765,71.59999,167.0,13.782187,CRUISE_LOW,0.6152917687177826,Normal
5304.0,1275.4902,1288.4706,1275.4902,206.52155,59.764706,149.0,65.0,27.7,0.0,185.13727,78.8,172.4,34.90093,HIGH,0.98998518478441,Normal
3572.0,1262.5099,1269.0,1243.0393,208.52548,13.945098,172.4,66.0,28.3,0.0,172.15686,66.2,177.79999,12.889848,CRUISE_LOW,0.8181360496051313,Normal
2936.0,1262.5099,1269.0,1210.5883,202.51373,16.933332,185.0,62.0,28.1,0.0,191.62746,77.0,194.0,14.079635,CRUISE_LOW,0.7289330232681737,Normal
5440.0,1346.8823,1372.8431,1372.8431,210.52942,56.77647,167.0,61.0,27.8,0.0,217.58826,39.199997,176.0,34.60348,HIGH,0.995912807231831,Normal
5440.0,1269.0,1288.4706,1281.9805,202.51373,60.760784,149.0,63.0,27.6,0.0,185.13727,59.0,170.59999,34.306034,HIGH,0.5261429210788255,Normal
4684.0,1372.8431,1366.353,1372.8431,202.51373,41.835293,201.19998,56.0,27.7,0.0,185.13727,-2.2000008,186.79999,31.92646,CRUISE,0.8798779575960414,Normal
3532.0,1236.5491,1256.0197,1210.5883,212.53333,7.9686275,159.79999,60.0,27.6,0.0,146.19608,84.2,172.4,10.212823,CRUISE_LOW,0.4789928660558969,Normal
4520.0,1333.902,1353.3726,1359.8628,202.51373,37.85098,215.6,56.0,27.7,0.0,204.60785,-2.2000008,185.0,31.034119,CRUISE,0.6205816570800914,Normal
4392.0,1333.902,1359.8628,1346.8823,202.51373,37.85098,203.0,56.0,27.7,0.0,198.11765,-2.2000008,183.2,31.034119,CRUISE,0.6516952030943812,Normal
4576.0,1346.8823,1372.8431,1359.8628,202.51373,41.835293,186.79999,56.0,27.7,0.0,172.15686,-2.2000008,183.2,31.92646,CRUISE,0.459080432405865,Normal
4392.0,1333.902,1359.8628,1359.8628,202.51373,37.85098,192.2,57.0,27.7,0.0,191.62746,-2.2000008,183.2,31.629013,CRUISE,0.7003226593330376,Normal
3032.0,1269.0,1256.0197,1230.0588,180.47058,6.972549,98.59999,69.0,27.8,0.0,100.76471,69.799995,154.4,14.377082,CRUISE_LOW,0.905769728791723,Normal
5276.0,1320.9216,1346.8823,1346.8823,210.52942,56.77647,152.59999,62.0,27.900002,0.0,191.62746,57.199997,165.2,34.60348,HIGH,0.9980774404892973,Normal
5476.0,1256.0197,1275.4902,1269.0,202.51373,63.74902,172.4,58.0,27.6,0.0,165.66667,19.400002,177.79999,34.90093,HIGH,0.9542756525928894,Normal
4936.0,1327.4117,1346.8823,1346.8823,202.51373,48.807842,201.19998,56.0,28.0,0.0,178.64706,1.3999977,183.2,33.11625,CRUISE,0.8441593718589276,Normal
5408.0,1269.0,1288.4706,1288.4706,202.51373,61.756863,159.79999,61.0,28.1,0.0,204.60785,42.799995,176.0,34.90093,HIGH,0.4586290202036586,Normal
5460.0,1256.0197,1269.0,1269.0,200.5098,60.760784,172.4,58.0,27.8,0.0,165.66667,19.400002,176.0,34.90093,HIGH,0.793485791357026,Normal
2964.0,1262.5099,1243.0393,1204.098,202.51373,7.9686275,192.2,56.0,27.6,0.0,165.66667,89.59999,194.0,12.592401,CRUISE_LOW,0.6020874003692613,Normal
3340.0,1281.9805,1294.9608,1256.0197,206.52155,6.972549,183.2,65.0,28.1,0.0,224.07843,78.8,174.2,15.566871,CRUISE_LOW,0.6141358884225725,Normal
4900.0,1333.902,1346.8823,1346.8823,200.5098,48.807842,194.0,56.0,28.0,0.0,178.64706,5.0,183.2,33.413696,CRUISE,0.6860234859929499,Normal
3616.0,1249.5294,1249.5294,1210.5883,210.52942,7.9686275,158.0,61.0,27.6,0.0,165.66667,84.2,172.4,9.915376,CRUISE_LOW,0.4122080110643915,Normal
4760.0,1366.353,1372.8431,1366.353,200.5098,41.835293,190.4,56.0,27.7,0.0,178.64706,-2.2000008,183.2,31.92646,CRUISE,0.8848700400812911,Normal
5424.0,1269.0,1288.4706,1288.4706,206.52155,60.760784,161.59999,61.0,27.6,0.0,198.11765,42.799995,179.59999,34.90093,HIGH,0.3203501538234751,Normal
4672.0,1340.3922,1353.3726,1359.8628,202.51373,39.843136,215.6,56.0,27.7,0.0,198.11765,-2.2000008,186.79999,31.034119,CRUISE,0.6944188710580341,Normal
4432.0,1333.902,1372.8431,1366.353,200.5098,37.85098,186.79999,58.0,27.7,0.0,185.13727,-2.2000008,183.2,31.629013,CRUISE,0.7117605126477748,Normal
4104.0,1301.451,1327.4117,1307.9412,200.5098,32.870586,172.4,57.0,27.7,0.0,185.13727,-2.2000008,181.4,32.223907,CRUISE,0.9053606644850716,Normal
2788.0,1249.5294,1269.0,1210.5883,202.51373,7.9686275,174.2,62.0,28.400002,0.0,224.07843,80.59999,177.79999,15.566871,CRUISE_LOW,0.5826802719373247,Normal
3112.0,1294.9608,1288.4706,1256.0197,200.5098,6.972549,111.2,69.0,27.8,0.0,146.19608,66.2,190.4,14.079635,CRUISE_LOW,0.7018953375301018,Normal
5420.0,1275.4902,1288.4706,1288.4706,202.51373,62.75294,168.79999,58.0,28.0,0.0,165.66667,28.399994,172.4,34.90093,HIGH,0.6156280961263214,Normal
4400.0,1333.902,1372.8431,1353.3726,202.51373,37.85098,203.0,56.0,27.7,0.0,204.60785,-2.2000008,183.2,31.331566,CRUISE,0.8187299917239395,Normal
5460.0,1301.451,1314.4314,1314.4314,210.52942,59.764706,145.4,66.0,27.900002,0.0,191.62746,69.799995,183.2,34.90093,HIGH,0.6515068641022228,Normal
4624.0,1346.8823,1366.353,1366.353,202.51373,41.835293,186.79999,56.0,27.7,0.0,172.15686,1.3999977,183.2,32.223907,CRUISE,0.6386014769390538,Normal
3208.0,1236.5491,1236.5491,1223.5686,202.51373,8.964705,159.79999,63.0,27.6,0.0,152.68628,66.2,165.2,14.079635,CRUISE_LOW,0.5001074443633944,Normal
4172.0,1314.4314,1346.8823,1327.4117,200.5098,31.87451,156.2,60.0,27.7,0.0,172.15686,-2.2000008,181.4,31.92646,CRUISE,0.8534367887045098,Normal
4584.0,1333.902,1372.8431,1359.8628,200.5098,41.835293,186.79999,56.0,27.7,0.0,172.15686,1.3999977,186.79999,31.92646,CRUISE,0.5717568609239987,Normal
5428.0,1301.451,1314.4314,1314.4314,206.52155,59.764706,145.4,64.0,27.900002,0.0,185.13727,71.59999,172.4,35.495823,HIGH,0.5816048511617734,Normal
3796.0,1269.0,1262.5099,1210.5883,214.53723,10.956862,154.4,60.0,27.6,0.0,165.66667,82.399994,174.2,9.023036,CRUISE_LOW,0.5406290101024525,Normal
4928.0,1327.4117,1353.3726,1340.3922,200.5098,48.807842,201.19998,54.0,28.1,0.0,178.64706,1.3999977,183.2,33.11625,CRUISE,0.8270047903121736,Normal
2504.0,1230.0588,1230.0588,1184.6274,210.52942,11.952941,159.79999,58.0,27.6,0.0,152.68628,86.0,167.0,14.079635,CRUISE_LOW,0.8441255606223479,Normal
4596.0,1346.8823,1372.8431,1366.353,202.51373,39.843136,215.6,56.0,27.7,0.0,217.58826,-2.2000008,185.0,31.331566,CRUISE,0.8192849866946517,Normal
4524.0,1333.902,1366.353,1359.8628,202.51373,38.847057,215.6,56.0,27.7,0.0,204.60785,-2.2000008,186.79999,31.034119,CRUISE,0.6880699041303301,Normal
5420.0,1262.5099,1281.9805,1275.4902,206.52155,60.760784,167.0,61.0,27.6,0.0,191.62746,35.6,183.2,34.90093,HIGH,0.5237145388792468,Normal
5112.0,1281.9805,1320.9216,1294.9608,196.50195,61.756863,188.59999,56.0,27.8,0.0,165.66667,5.0,183.2,34.90093,HIGH,1.6129479173631291,Watch
3904.0,1223.5686,1197.6079,1132.7059,176.46274,7.9686275,150.79999,67.0,27.5,0.0,165.66667,32.0,134.59999,6.9409056,CRUISE_LOW,1.3691520550127143,Watch
5588.0,1275.4902,1294.9608,1269.0,208.52548,72.71372,159.79999,58.0,27.8,0.0,191.62746,91.399994,177.79999,38.172848,HIGH,1.5681438991910523,Watch
5432.0,1281.9805,1307.9412,1294.9608,210.52942,6.972549,167.0,52.0,27.6,0.0,217.58826,84.2,165.2,35.495823,HIGH,1.2270091531596397,Watch
3896.0,1236.5491,1243.0393,1236.5491,200.5098,13.945098,138.2,61.0,27.7,0.0,165.66667,8.599998,159.79999,12.889848,CRUISE_LOW,1.496678231947714,Watch
4308.0,1327.4117,1340.3922,1333.902,210.52942,48.807842,165.2,52.0,27.6,0.0,191.62746,80.59999,179.59999,14.377082,CRUISE,1.6996290700417898,Watch
4692.0,1359.8628,1372.8431,1359.8628,202.51373,41.835293,203.0,56.0,27.7,0.0,185.13727,-16.600002,186.79999,31.92646,CRUISE,1.0740273201747943,Watch
5136.0,1269.0,1294.9608,1288.4706,194.49803,56.77647,179.59999,58.0,27.5,0.0,152.68628,5.0,183.2,34.90093,HIGH,1.273912239618885,Watch
5400.0,1346.8823,1372.8431,1372.8431,200.5098,57.77255,183.2,57.0,27.8,0.0,191.62746,15.799995,181.4,34.90093,HIGH,1.1092940074780189,Watch
5092.0,1262.5099,1301.451,1288.4706,198.50586,59.764706,179.59999,57.0,27.6,0.0,152.68628,12.199997,183.2,34.90093,HIGH,1.363805089010683,Watch
5264.0,1320.9216,1346.8823,1346.8823,212.53333,56.77647,154.4,61.0,28.2,0.0,217.58826,57.199997,179.59999,34.306034,HIGH,1.010796183840864,Watch
3072.0,1236.5491,1191.1177,1191.1177,178.46666,7.9686275,84.2,67.0,27.5,0.0,87.78432,80.59999,143.59999,13.782187,CRUISE_LOW,1.2331566145732058,Watch
3796.0,1197.6079,1191.1177,1132.7059,178.46666,6.972549,149.0,67.0,27.5,0.0,159.17648,35.6,134.59999,7.5358,CRUISE_LOW,1.4066246023838231,Watch
3904.0,1294.9608,1327.4117,1301.451,202.51373,31.87451,138.2,56.0,27.6,0.0,126.725494,-2.2000008,177.79999,30.141777,CRUISE_LOW,1.9709554430488203,Watch
5160.0,1269.0,1301.451,1288.4706,194.49803,57.77255,179.59999,57.0,27.6,0.0,152.68628,5.0,183.2,34.90093,HIGH,1.2955823789608685,Watch
4116.0,1301.451,1340.3922,1314.4314,220.54901,32.870586,138.2,57.0,27.6,0.0,172.15686,1.3999977,177.79999,31.331566,CRUISE,1.1338686855273807,Watch
5232.0,1256.0197,1288.4706,1288.4706,194.49803,58.768627,181.4,56.0,27.6,0.0,185.13727,5.0,183.2,34.90093,HIGH,1.1280231264639184,Watch
5396.0,1301.451,1314.4314,1314.4314,210.52942,51.796078,154.4,67.0,28.0,0.0,198.11765,78.8,190.4,38.172848,HIGH,1.1861199840483263,Watch
5404.0,1346.8823,1366.353,1366.353,206.52155,57.77255,181.4,58.0,28.1,0.0,185.13727,19.400002,183.2,34.60348,HIGH,1.161801135144299,Watch
5060.0,1288.4706,1327.4117,1288.4706,200.5098,57.77255,188.59999,56.0,27.900002,0.0,165.66667,1.3999977,183.2,34.00859,HIGH,1.513571589678716,Watch
4068.0,1288.4706,1327.4117,1294.9608,200.5098,31.87451,138.2,56.0,27.6,0.0,133.2157,-2.2000008,177.79999,31.92646,CRUISE,1.0757899830553348,Watch
5392.0,1333.902,1359.8628,1359.8628,198.50586,58.768627,186.79999,57.0,27.8,0.0,165.66667,5.0,179.59999,34.60348,HIGH,1.0973426487217337,Watch
5244.0,1262.5099,1288.4706,1288.4706,194.49803,58.768627,181.4,57.0,27.6,0.0,165.66667,5.0,183.2,34.90093,HIGH,1.2109774159614548,Watch
5216.0,1262.5099,1288.4706,1288.4706,196.50195,56.77647,179.59999,56.0,27.6,0.0,152.68628,5.0,183.2,34.90093,HIGH,1.2616110823989437,Watch
5112.0,1281.9805,1320.9216,1301.451,196.50195,61.756863,188.59999,56.0,27.8,0.0,172.15686,5.0,186.79999,34.90093,HIGH,1.4385652764275187,Watch
3688.0,1301.451,1327.4117,1320.9216,212.53333,26.894117,134.59999,56.0,27.7,0.0,165.66667,1.3999977,168.79999,29.84433,CRUISE_LOW,1.9408999577995345,Watch
5444.0,1346.8823,1372.8431,1366.353,202.51373,57.77255,181.4,60.0,27.900002,0.0,172.15686,19.400002,176.0,34.90093,HIGH,1.0621605842517738,Watch
4116.0,1294.9608,1327.4117,1307.9412,198.50586,29.882353,141.79999,56.0,27.7,0.0,159.17648,-2.2000008,177.79999,31.92646,CRUISE,1.077383485183313,Watch
5384.0,1301.451,1320.9216,1320.9216,210.52942,51.796078,150.79999,65.0,27.900002,0.0,198.11765,78.8,190.4,38.172848,HIGH,1.2127010770048925,Watch
3812.0,1223.5686,1223.5686,1165.1569,182.4745,0.99607843,149.0,69.0,27.5,0.0,165.66667,42.799995,138.2,7.833247,CRUISE_LOW,1.3718703786173676,Watch
4100.0,1314.4314,1340.3922,1320.9216,218.5451,31.87451,138.2,57.0,27.7,0.0,133.2157,1.3999977,172.4,30.736671,CRUISE,1.2970841966588165,Watch
3792.0,1301.451,1294.9608,1281.9805,214.53723,8.964705,152.59999,67.0,27.7,0.0,178.64706,42.799995,170.59999,12.294953,CRUISE_LOW,1.0696319284024638,Watch
4640.0,1320.9216,1327.4117,1327.4117,210.52942,20.917646,158.0,54.0,27.6,0.0,204.60785,78.8,170.59999,14.971976,CRUISE,1.8903309559939672,Watch
4624.0,1307.9412,1314.4314,1307.9412,212.53333,16.933332,147.2,57.0,27.6,0.0,172.15686,77.0,177.79999,14.674529,CRUISE,1.9371032774899253,Watch
4632.0,1314.4314,1327.4117,1320.9216,210.52942,18.92549,154.4,56.0,27.6,0.0,204.60785,78.8,170.59999,14.971976,CRUISE,1.9162625503271515,Watch
4528.0,1320.9216,1353.3726,1340.3922,202.51373,31.87451,138.2,57.0,27.7,0.0,126.725494,-2.2000008,174.2,32.521355,CRUISE,1.0284004960282842,Watch
5404.0,1353.3726,1379.3334,1379.3334,206.52155,57.77255,176.0,61.0,27.8,0.0,185.13727,28.399994,165.2,34.60348,HIGH,1.1345532017055784,Watch
5480.0,1340.3922,1372.8431,1372.8431,198.50586,58.768627,183.2,60.0,27.8,0.0,172.15686,15.799995,183.2,34.60348,HIGH,1.0977642834104506,Watch
5416.0,1301.451,1320.9216,1314.4314,204.51764,8.964705,172.4,67.0,28.400002,0.0,217.58826,77.0,177.79999,37.577953,HIGH,1.2140084699310498,Watch
3892.0,1243.0393,1249.5294,1243.0393,202.51373,11.952941,134.59999,62.0,27.7,0.0,178.64706,8.599998,161.59999,12.889848,CRUISE_LOW,1.3736824089679327,Watch
4124.0,1301.451,1333.902,1314.4314,220.54901,32.870586,138.2,56.0,27.7,0.0,133.2157,1.3999977,177.79999,31.92646,CRUISE,1.2625934202709588,Watch
5364.0,1301.451,1333.902,1314.4314,210.52942,8.964705,183.2,69.0,28.5,0.0,217.58826,73.399994,183.2,36.98306,HIGH,1.8594785385605448,Watch
5124.0,1307.9412,1340.3922,1327.4117,198.50586,57.77255,190.4,56.0,28.0,0.0,165.66667,1.3999977,183.2,34.60348,HIGH,1.732449332077157,Watch
3360.0,1359.8628,1372.8431,1333.902,210.52942,8.964705,183.2,65.0,28.5,0.0,211.09805,73.399994,190.4,29.546883,CRUISE_LOW,1.0739693116032252,Watch
5444.0,1359.8628,1379.3334,1385.8236,204.51764,56.77647,177.79999,58.0,27.8,0.0,204.60785,23.0,181.4,34.90093,HIGH,1.1342641777946665,Watch
4072.0,1301.451,1320.9216,1314.4314,220.54901,32.870586,138.2,57.0,27.7,0.0,139.70589,1.3999977,170.59999,30.736671,CRUISE,1.560057844211572,Watch
5376.0,1346.8823,1366.353,1372.8431,210.52942,56.77647,167.0,59.0,27.8,0.0,191.62746,35.6,186.79999,34.60348,HIGH,1.0593013795378492,Watch
4612.0,1314.4314,1320.9216,1320.9216,214.53723,18.92549,154.4,56.0,27.6,0.0,185.13727,78.8,177.79999,14.971976,CRUISE,1.8459801294227396,Watch
5176.0,1314.4314,1327.4117,1333.902,210.52942,6.972549,168.79999,51.0,27.6,0.0,204.60785,84.2,177.79999,29.546883,HIGH,1.7418853538546812,Watch
4604.0,1307.9412,1314.4314,1307.9412,212.53333,17.92941,149.0,56.0,27.6,0.0,185.13727,77.0,174.2,14.674529,CRUISE,1.962715253809268,Watch
3048.0,1223.5686,1171.6471,1171.6471,168.44705,8.964705,84.2,67.0,27.5,0.0,87.78432,78.8,134.59999,13.782187,CRUISE_LOW,1.411218930102209,Watch
3872.0,1230.0588,1204.098,1132.7059,176.46274,7.9686275,150.79999,68.0,27.5,0.0,159.17648,32.0,134.59999,7.238353,CRUISE_LOW,1.35184151940731,Watch
5420.0,1340.3922,1372.8431,1366.353,204.51764,57.77255,181.4,58.0,27.8,0.0,178.64706,19.400002,192.2,34.60348,HIGH,1.1160820909338318,Watch
5416.0,1307.9412,1327.4117,1333.902,196.50195,6.972549,192.2,57.0,27.8,0.0,165.66667,5.0,183.2,34.60348,HIGH,1.2892151641459215,Watch
4592.0,1359.8628,1366.353,1366.353,202.51373,38.847057,190.4,57.0,27.7,0.0,198.11765,-5.800003,186.79999,31.92646,CRUISE,1.0210925382693552,Watch
5384.0,1340.3922,1366.353,1366.353,202.51373,57.77255,181.4,58.0,28.2,0.0,172.15686,19.400002,174.2,34.60348,HIGH,1.0654847929480753,Watch
3676.0,1165.1569,1165.1569,1106.7451,186.48235,6.972549,152.59999,67.0,27.5,0.0,139.70589,57.199997,149.0,12.294953,CRUISE_LOW,1.3056470559401032,Watch
3896.0,1236.5491,1249.5294,1243.0393,202.51373,13.945098,136.4,62.0,27.7,0.0,172.15686,8.599998,161.59999,12.592401,CRUISE_LOW,1.4779377097177937,Watch
5104.0,1269.0,1294.9608,1288.4706,196.50195,59.764706,179.59999,56.0,27.900002,0.0,159.17648,12.199997,183.2,34.90093,HIGH,1.3095308677124398,Watch
5456.0,1275.4902,1294.9608,1288.4706,210.52942,7.9686275,147.2,66.0,27.7,0.0,217.58826,77.0,183.2,34.90093,HIGH,1.0055156802086562,Watch
5088.0,1307.9412,1346.8823,1327.4117,198.50586,57.77255,188.59999,56.0,27.900002,0.0,185.13727,1.3999977,183.2,34.90093,HIGH,1.6589726791560362,Watch
4088.0,1307.9412,1333.902,1314.4314,220.54901,32.870586,138.2,57.0,27.6,0.0,172.15686,1.3999977,177.79999,31.034119,CRUISE,1.135887276398818,Watch
5476.0,1281.9805,1307.9412,1294.9608,210.52942,6.972549,167.0,52.0,27.6,0.0,191.62746,84.2,172.4,35.495823,HIGH,1.1986331090173203,Watch
5292.0,1288.4706,1301.451,1301.451,202.51373,7.9686275,149.0,73.0,27.8,0.0,139.70589,66.2,192.2,38.470295,HIGH,1.702368735239484,Watch
5456.0,1256.0197,1269.0,1256.0197,202.51373,37.85098,176.0,69.0,27.7,0.0,152.68628,77.0,194.0,38.172848,HIGH,1.6906318488915264,Watch
5280.0,1262.5099,1281.9805,1275.4902,210.52942,65.74117,149.0,65.0,28.0,0.0,191.62746,80.59999,172.4,34.90093,HIGH,1.2823373208207387,Watch
3680.0,1223.5686,1230.0588,1165.1569,182.4745,6.972549,149.0,68.0,27.5,0.0,172.15686,42.799995,143.59999,8.725589,CRUISE_LOW,1.1569704680917297,Watch
3836.0,1256.0197,1262.5099,1256.0197,210.52942,12.949019,138.2,60.0,27.7,0.0,152.68628,19.400002,167.0,12.592401,CRUISE_LOW,1.3907056673068396,Watch
5440.0,1333.902,1359.8628,1359.8628,194.49803,57.77255,190.4,60.0,28.2,0.0,172.15686,5.0,183.2,34.60348,HIGH,1.2040659007694503,Watch
3732.0,1249.5294,1256.0197,1243.0393,206.52155,10.956862,145.4,63.0,27.7,0.0,165.66667,23.0,167.0,12.294953,CRUISE_LOW,1.17386581056966,Watch
3844.0,1359.8628,1366.353,1346.8823,214.53723,7.9686275,159.79999,68.0,27.8,0.0,165.66667,66.2,183.2,23.003048,CRUISE_LOW,1.1968286228439804,Watch
3988.0,1288.4706,1327.4117,1314.4314,200.5098,31.87451,143.59999,57.0,27.7,0.0,165.66667,-2.2000008,179.59999,32.521355,CRUISE_LOW,1.9774710591539624,Watch
4612.0,1314.4314,1320.9216,1320.9216,214.53723,18.92549,154.4,56.0,27.6,0.0,178.64706,78.8,177.79999,14.674529,CRUISE,1.820686742180576,Watch
3772.0,1236.5491,1230.0588,1145.6863,178.46666,6.972549,149.0,68.0,27.5,0.0,139.70589,35.6,136.4,7.5358,CRUISE_LOW,1.299825076096908,Watch
5384.0,1346.8823,1372.8431,1372.8431,210.52942,56.77647,167.0,61.0,27.8,0.0,191.62746,35.6,165.2,34.90093,HIGH,1.0840442594059685,Watch
5244.0,1256.0197,1288.4706,1288.4706,194.49803,58.768627,183.2,57.0,27.6,0.0,152.68628,5.0,183.2,34.90093,HIGH,1.2109194599975377,Watch
5424.0,1307.9412,1333.902,1340.3922,194.49803,57.77255,190.4,58.0,27.7,0.0,172.15686,5.0,181.4,34.60348,HIGH,1.0326057081636055,Watch
5428.0,1281.9805,1301.451,1294.9608,206.52155,8.964705,179.59999,70.0,28.5,0.0,191.62746,75.2,177.79999,37.280506,HIGH,1.1374503228465522,Watch
5048.0,1307.9412,1340.3922,1327.4117,198.50586,57.77255,190.4,56.0,28.0,0.0,172.15686,1.3999977,183.2,34.00859,HIGH,1.723225257685907,Watch
5384.0,1346.8823,1372.8431,1372.8431,210.52942,56.77647,167.0,60.0,27.8,0.0,191.62746,35.6,165.2,34.90093,HIGH,1.0555283940247802,Watch
3648.0,1301.451,1327.4117,1320.9216,210.52942,26.894117,134.59999,56.0,27.7,0.0,152.68628,1.3999977,170.59999,29.249435,CRUISE_LOW,1.9825183991999364,Watch
3928.0,1256.0197,1262.5099,1262.5099,210.52942,12.949019,138.2,60.0,27.7,0.0,152.68628,15.799995,172.4,13.187295,CRUISE_LOW,1.4094560698950267,Watch
4656.0,1327.4117,1327.4117,1320.9216,214.53723,20.917646,159.79999,54.0,27.6,0.0,191.62746,78.8,179.59999,15.566871,CRUISE,1.8187485146492883,Watch
5080.0,1307.9412,1340.3922,1327.4117,198.50586,57.77255,188.59999,57.0,27.900002,0.0,172.15686,1.3999977,183.2,34.60348,HIGH,1.670185519336164,Watch
5436.0,1346.8823,1366.353,1366.353,198.50586,57.77255,183.2,58.0,27.8,0.0,198.11765,15.799995,181.4,34.60348,HIGH,1.0480727496567757,Watch
5488.0,1281.9805,1301.451,1281.9805,200.5098,22.909803,165.2,66.0,27.6,0.0,139.70589,84.2,192.2,39.362637,HIGH,1.635024254973874,Watch
3644.0,1204.098,1223.5686,1178.1373,188.48627,6.972549,154.4,68.0,27.5,0.0,159.17648,57.199997,154.4,12.294953,CRUISE_LOW,1.0028483157427854,Watch
3060.0,1236.5491,1204.098,1191.1177,184.47842,7.9686275,89.59999,67.0,27.5,0.0,100.76471,80.59999,154.4,13.782187,CRUISE_LOW,1.0838705644444449,Watch
5100.0,1307.9412,1333.902,1320.9216,198.50586,57.77255,190.4,56.0,27.900002,0.0,178.64706,1.3999977,183.2,34.90093,HIGH,1.575035241200568,Watch
3864.0,1281.9805,1320.9216,1301.451,202.51373,29.882353,141.79999,56.0,27.6,0.0,139.70589,-2.2000008,177.79999,29.84433,CRUISE_LOW,1.962593346961387,Watch
3640.0,1307.9412,1333.902,1327.4117,214.53723,2.9882352,136.4,56.0,27.7,0.0,152.68628,1.3999977,165.2,29.249435,CRUISE_LOW,1.935860856937886,Watch
5480.0,1275.4902,1281.9805,1275.4902,210.52942,73.7098,161.59999,56.0,27.900002,0.0,198.11765,91.399994,177.79999,37.577953,HIGH,1.3866045500437212,Watch
3840.0,1210.5883,1191.1177,1132.7059,178.46666,7.9686275,150.79999,67.0,27.5,0.0,165.66667,32.0,134.59999,7.238353,CRUISE_LOW,1.356313767321306,Watch
3880.0,1301.451,1333.902,1320.9216,202.51373,31.87451,138.2,56.0,27.6,0.0,126.725494,-2.2000008,177.79999,31.034119,CRUISE_LOW,1.9937989547257835,Watch
5432.0,1353.3726,1372.8431,1379.3334,206.52155,57.77255,177.79999,59.0,27.8,0.0,185.13727,23.0,188.59999,34.90093,HIGH,1.04933766713119,Watch
5304.0,1262.5099,1281.9805,1275.4902,206.52155,65.74117,149.0,66.0,28.0,0.0,191.62746,80.59999,167.0,34.90093,HIGH,1.2965978851304008,Watch
5248.0,1275.4902,1288.4706,1281.9805,204.51764,61.756863,149.0,66.0,27.7,0.0,204.60785,78.8,167.0,34.90093,HIGH,1.151755520860202,Watch
5456.0,1346.8823,1366.353,1366.353,198.50586,58.768627,183.2,58.0,27.8,0.0,172.15686,15.799995,181.4,34.60348,HIGH,1.208090446345989,Watch
4632.0,1314.4314,1320.9216,1320.9216,210.52942,18.92549,154.4,55.0,27.6,0.0,185.13727,78.8,172.4,14.971976,CRUISE,1.8852320693736897,Watch
5616.0,1275.4902,1301.451,1275.4902,212.53333,64.745094,165.2,53.0,27.6,0.0,198.11765,84.2,177.79999,34.90093,HIGH,1.294840891332416,Watch
3596.0,1249.5294,1249.5294,1236.5491,206.52155,8.964705,145.4,63.0,27.7,0.0,152.68628,28.399994,170.59999,12.592401,CRUISE_LOW,1.0285627763229193,Watch
3864.0,1236.5491,1230.0588,1178.1373,182.4745,6.972549,149.0,69.0,27.5,0.0,165.66667,50.0,145.4,8.130694,CRUISE_LOW,1.1098549124497885,Watch
5484.0,1320.9216,1340.3922,1340.3922,210.52942,58.768627,149.0,63.0,27.900002,0.0,217.58826,62.6,172.4,34.60348,HIGH,1.040002889765851,Watch
4184.0,1320.9216,1359.8628,1340.3922,210.52942,37.85098,143.59999,58.0,27.7,0.0,133.2157,-2.2000008,177.79999,30.141777,CRUISE,1.021556027440116,Watch
4600.0,1307.9412,1314.4314,1307.9412,210.52942,17.92941,145.4,56.0,27.6,0.0,178.64706,77.0,174.2,14.377082,CRUISE,1.8987081585705472,Watch
5080.0,1262.5099,1301.451,1288.4706,198.50586,59.764706,179.59999,56.0,27.6,0.0,152.68628,12.199997,183.2,34.90093,HIGH,1.3063677597858332,Watch
5432.0,1262.5099,1275.4902,1262.5099,206.52155,69.72549,149.0,67.0,27.7,0.0,204.60785,84.2,165.2,38.470295,HIGH,1.311840784367845,Watch
3764.0,1249.5294,1223.5686,1158.6667,180.47058,0.99607843,149.0,68.0,27.5,0.0,139.70589,39.199997,136.4,7.5358,CRUISE_LOW,1.4433128810516025,Watch
5456.0,1340.3922,1366.353,1359.8628,196.50195,58.768627,186.79999,58.0,27.8,0.0,198.11765,5.0,181.4,34.90093,HIGH,1.0193130909915942,Watch
5396.0,1262.5099,1275.4902,1256.0197,202.51373,16.933332,165.2,66.0,27.7,0.0,211.09805,84.2,165.2,38.172848,HIGH,1.29658042091924,Watch
4412.0,1320.9216,1353.3726,1333.902,202.51373,3.9843137,204.79999,57.0,27.7,0.0,230.56863,-2.2000008,183.2,31.331566,CRUISE,1.017810851517036,Watch
5224.0,1262.5099,1288.4706,1288.4706,194.49803,58.768627,181.4,56.0,27.6,0.0,159.17648,5.0,183.2,34.60348,HIGH,1.187875973439173,Watch
5296.0,1269.0,1288.4706,1288.4706,196.50195,58.768627,183.2,57.0,27.6,0.0,159.17648,5.0,183.2,34.90093,HIGH,1.1048526412034223,Watch
5428.0,1288.4706,1301.451,1288.4706,208.52548,73.7098,161.59999,56.0,27.900002,0.0,198.11765,91.399994,176.0,36.090717,HIGH,1.228648402378288,Watch
4068.0,1301.451,1333.902,1314.4314,200.5098,32.870586,161.59999,58.0,27.7,0.0,165.66667,-5.800003,181.4,32.223907,CRUISE,1.0289108298578022,Watch
5440.0,1314.4314,1333.902,1333.902,196.50195,58.768627,192.2,57.0,27.8,0.0,172.15686,5.0,181.4,34.60348,HIGH,1.0418821145410333,Watch
5408.0,1307.9412,1320.9216,1320.9216,212.53333,65.74117,149.0,64.0,27.8,0.0,198.11765,78.8,183.2,38.172848,HIGH,1.0065638077407184,Watch
5240.0,1327.4117,1346.8823,1346.8823,210.52942,57.77255,152.59999,62.0,27.8,0.0,224.07843,57.199997,177.79999,34.60348,HIGH,1.0743197012022687,Watch
5208.0,1269.0,1275.4902,1262.5099,206.52155,6.972549,186.79999,70.0,27.7,0.0,191.62746,80.59999,192.2,37.280506,HIGH,1.9769048805210816,Watch
3780.0,1223.5686,1230.0588,1165.1569,182.4745,6.972549,149.0,69.0,27.5,0.0,165.66667,42.799995,143.59999,8.428142,CRUISE_LOW,1.1301666314547796,Watch
5184.0,1269.0,1288.4706,1288.4706,194.49803,56.77647,179.59999,57.0,27.6,0.0,152.68628,5.0,181.4,34.90093,HIGH,1.3138185218200489,Watch
2984.0,1210.5883,1204.098,1171.6471,166.44313,7.9686275,96.8,68.0,27.7,0.0,126.725494,75.2,141.79999,14.674529,CRUISE_LOW,1.0627408634015163,Watch
4116.0,1301.451,1333.902,1320.9216,220.54901,31.87451,138.2,57.0,27.7,0.0,139.70589,1.3999977,170.59999,31.629013,CRUISE,1.3579351405398357,Watch
4324.0,1288.4706,1288.4706,1294.9608,202.51373,11.952941,141.79999,66.0,27.7,0.0,172.15686,12.199997,156.2,14.971976,CRUISE,1.985523601394687,Watch
3616.0,1158.6667,1139.196,1087.2745,186.48235,6.972549,152.59999,67.0,27.6,0.0,165.66667,57.199997,149.0,12.294953,CRUISE_LOW,1.3446183448075,Watch
5336.0,1320.9216,1340.3922,1340.3922,210.52942,6.972549,150.79999,63.0,27.8,0.0,191.62746,59.0,181.4,34.60348,HIGH,1.030511702333528,Watch
4608.0,1301.451,1314.4314,1307.9412,210.52942,17.92941,145.4,57.0,27.6,0.0,178.64706,77.0,174.2,14.377082,CRUISE,1.9514707421747648,Watch
5356.0,1262.5099,1262.5099,1262.5099,206.52155,67.73333,154.4,66.0,27.7,0.0,217.58826,84.2,177.79999,38.172848,HIGH,1.2453357228186084,Watch
3936.0,1288.4706,1327.4117,1314.4314,200.5098,31.87451,143.59999,56.0,27.6,0.0,139.70589,-2.2000008,177.79999,30.736671,CRUISE_LOW,1.9492940346709289,Watch
5440.0,1359.8628,1385.8236,1385.8236,208.52548,56.77647,176.0,61.0,27.8,0.0,204.60785,23.0,186.79999,34.60348,HIGH,1.2006161910242192,Watch
4000.0,1269.0,1275.4902,1269.0,210.52942,13.945098,138.2,60.0,27.7,0.0,172.15686,15.799995,172.4,13.48474,CRUISE_LOW,1.5087476023884745,Watch
3596.0,1256.0197,1256.0197,1236.5491,204.51764,8.964705,145.4,63.0,27.7,0.0,146.19608,28.399994,170.59999,12.294953,CRUISE_LOW,1.0214710709764925,Watch
3768.0,1223.5686,1223.5686,1158.6667,182.4745,0.99607843,149.0,69.0,27.5,0.0,139.70589,42.799995,138.2,7.833247,CRUISE_LOW,1.4359979770735738,Watch
5564.0,1281.9805,1294.9608,1269.0,210.52942,73.7098,159.79999,56.0,27.900002,0.0,198.11765,91.399994,177.79999,38.172848,HIGH,1.5466031570896703,Watch
4596.0,1307.9412,1314.4314,1314.4314,214.53723,17.92941,149.0,57.0,27.6,0.0,178.64706,77.0,177.79999,14.674529,CRUISE,1.9128495475242315,Watch
5536.0,1275.4902,1288.4706,1275.4902,206.52155,7.9686275,183.2,63.0,27.7,0.0,178.64706,89.59999,179.59999,37.280506,HIGH,1.658672530425751,Watch
5108.0,1262.5099,1301.451,1288.4706,198.50586,59.764706,179.59999,56.0,27.6,0.0,152.68628,12.199997,183.2,34.90093,HIGH,1.3000795481553706,Watch
5472.0,1269.0,1281.9805,1256.0197,204.51764,7.9686275,183.2,63.0,27.7,0.0,165.66667,89.59999,177.79999,37.280506,HIGH,1.683270385111845,Watch
5324.0,1269.0,1288.4706,1288.4706,194.49803,58.768627,183.2,56.0,27.6,0.0,159.17648,5.0,183.2,35.495823,HIGH,1.1278232645778374,Watch
5504.0,1275.4902,1288.4706,1275.4902,204.51764,47.811764,154.4,62.0,27.7,0.0,172.15686,89.59999,179.59999,38.172848,HIGH,1.4068316598288964,Watch
5104.0,1301.451,1340.3922,1320.9216,196.50195,57.77255,190.4,56.0,28.0,0.0,172.15686,1.3999977,183.2,34.90093,HIGH,1.6875312071820474,Watch
5292.0,1262.5099,1288.4706,1288.4706,194.49803,58.768627,183.2,56.0,27.6,0.0,185.13727,5.0,183.2,34.90093,HIGH,1.0861428555716073,Watch
4628.0,1314.4314,1327.4117,1320.9216,210.52942,18.92549,154.4,56.0,27.6,0.0,185.13727,78.8,165.2,14.971976,CRUISE,1.95436712045492,Watch
3972.0,1158.6667,1145.6863,1119.7255,176.46274,7.9686275,149.0,67.0,27.5,0.0,165.66667,28.399994,134.59999,7.5358,CRUISE_LOW,1.6164130204153628,Watch
5416.0,1275.4902,1275.4902,1269.0,202.51373,7.9686275,179.59999,63.0,27.7,0.0,165.66667,89.59999,177.79999,37.577953,HIGH,1.5112236623994608,Watch
3024.0,1243.0393,1230.0588,1197.6079,172.4549,5.9764705,96.8,69.0,27.8,0.0,113.7451,73.399994,145.4,14.377082,CRUISE_LOW,1.039901450185551,Watch
3728.0,1249.5294,1256.0197,1243.0393,210.52942,10.956862,145.4,63.0,27.7,0.0,178.64706,23.0,170.59999,12.294953,CRUISE_LOW,1.226414272483439,Watch
5088.0,1301.451,1340.3922,1320.9216,198.50586,57.77255,188.59999,56.0,27.900002,0.0,159.17648,1.3999977,183.2,34.90093,HIGH,1.6876646892318077,Watch
3832.0,1249.5294,1249.5294,1236.5491,206.52155,8.964705,150.79999,67.0,27.7,0.0,172.15686,32.0,165.2,10.212823,CRUISE_LOW,1.0948739005298305,Watch
5448.0,1366.353,1385.8236,1379.3334,206.52155,56.77647,177.79999,60.0,27.8,0.0,191.62746,23.0,186.79999,34.60348,HIGH,1.2108752829205731,Watch
3800.0,1243.0393,1243.0393,1243.0393,206.52155,8.964705,152.59999,67.0,27.7,0.0,178.64706,32.0,165.2,10.212823,CRUISE_LOW,1.0626361411872145,Watch
5292.0,1320.9216,1333.902,1340.3922,210.52942,6.972549,149.0,63.0,27.900002,0.0,211.09805,60.799995,172.4,34.306034,HIGH,1.1427291827285233,Watch
4132.0,1314.4314,1346.8823,1327.4117,220.54901,34.862743,143.59999,57.0,27.7,0.0,139.70589,-2.2000008,176.0,30.736671,CRUISE,1.202529281148648,Watch
5092.0,1269.0,1294.9608,1294.9608,198.50586,59.764706,179.59999,56.0,27.8,0.0,152.68628,12.199997,183.2,34.90093,HIGH,1.3043067674811983,Watch
5380.0,1307.9412,1320.9216,1320.9216,210.52942,8.964705,165.2,66.0,28.2,0.0,224.07843,78.8,181.4,37.8754,HIGH,1.2597296730157383,Watch
5480.0,1262.5099,1275.4902,1256.0197,204.51764,16.933332,165.2,67.0,27.7,0.0,204.60785,84.2,170.59999,37.8754,HIGH,1.2870762981659056,Watch
4076.0,1294.9608,1327.4117,1314.4314,220.54901,32.870586,138.2,57.0,27.7,0.0,172.15686,1.3999977,183.2,31.331566,CRUISE,1.22519638763594,Watch
5344.0,1346.8823,1366.353,1366.353,202.51373,57.77255,179.59999,58.0,27.8,0.0,191.62746,23.0,170.59999,34.60348,HIGH,1.0904897585997049,Watch
2948.0,1191.1177,1158.6667,1158.6667,148.40784,8.964705,82.399994,68.0,27.5,0.0,81.29413,78.8,114.79999,14.079635,CRUISE_LOW,1.5919929926459022,Watch
3724.0,1249.5294,1256.0197,1243.0393,208.52548,10.956862,145.4,63.0,27.7,0.0,178.64706,23.0,170.59999,12.294953,CRUISE_LOW,1.1956828029895623,Watch
5468.0,1301.451,1320.9216,1314.4314,206.52155,8.964705,176.0,69.0,28.400002,0.0,191.62746,77.0,177.79999,37.8754,HIGH,1.2925341725367816,Watch
3636.0,1236.5491,1236.5491,1230.0588,206.52155,8.964705,145.4,63.0,27.7,0.0,152.68628,23.0,172.4,11.700059,CRUISE_LOW,1.1146795081900591,Watch
4964.0,1359.8628,1366.353,1366.353,198.50586,5.9764705,203.0,54.0,28.0,0.0,204.60785,1.3999977,183.2,33.413696,CRUISE,1.2074841196911346,Watch
5464.0,1346.8823,1366.353,1366.353,204.51764,57.77255,177.79999,58.0,27.8,0.0,178.64706,23.0,190.4,34.60348,HIGH,1.060192161546087,Watch
4004.0,1288.4706,1333.902,1307.9412,198.50586,31.87451,145.4,56.0,27.7,0.0,146.19608,-2.2000008,179.59999,31.92646,CRUISE,1.1723900281431572,Watch
5484.0,1340.3922,1359.8628,1359.8628,206.52155,56.77647,174.2,60.0,27.8,0.0,211.09805,32.0,183.2,34.60348,HIGH,1.0596473852585042,Watch
4100.0,1294.9608,1327.4117,1307.9412,198.50586,29.882353,141.79999,56.0,27.6,0.0,159.17648,-2.2000008,177.79999,31.92646,CRUISE,1.0648727694833444,Watch
5464.0,1314.4314,1333.902,1340.3922,194.49803,57.77255,190.4,57.0,27.8,0.0,172.15686,5.0,177.79999,34.60348,HIGH,1.0065276893333908,Watch
5368.0,1301.451,1320.9216,1320.9216,210.52942,51.796078,150.79999,66.0,27.900002,0.0,191.62746,78.8,167.0,37.8754,HIGH,1.1681827452403757,Watch
3052.0,1126.2157,1119.7255,1100.2549,116.34509,2.9882352,95.0,72.0,27.7,0.0,87.78432,78.8,104.0,14.971976,CRUISE_LOW,1.8009678186589366,Watch
5656.0,1281.9805,1301.451,1275.4902,210.52942,64.745094,165.2,52.0,27.6,0.0,217.58826,84.2,181.4,35.495823,HIGH,1.37935718805837,Watch
5396.0,1301.451,1314.4314,1307.9412,206.52155,67.73333,165.2,54.0,28.0,0.0,191.62746,91.399994,177.79999,34.90093,HIGH,1.241131823021112,Watch
4132.0,1314.4314,1346.8823,1333.902,220.54901,31.87451,136.4,56.0,27.6,0.0,159.17648,1.3999977,165.2,30.736671,CRUISE,1.3332243758097475,Watch
5368.0,1301.451,1320.9216,1320.9216,212.53333,51.796078,150.79999,66.0,27.900002,0.0,217.58826,78.8,174.2,38.172848,HIGH,1.241081763630455,Watch
5320.0,1269.0,1288.4706,1288.4706,196.50195,58.768627,183.2,57.0,27.6,0.0,159.17648,5.0,183.2,35.495823,HIGH,1.0020503672435184,Watch
5456.0,1359.8628,1385.8236,1379.3334,206.52155,56.77647,177.79999,61.0,27.8,0.0,204.60785,23.0,194.0,34.60348,HIGH,1.1879739335843815,Watch
5272.0,1327.4117,1346.8823,1346.8823,210.52942,57.77255,152.59999,63.0,27.8,0.0,191.62746,57.199997,165.2,34.60348,HIGH,1.1095948253389103,Watch
5508.0,1275.4902,1301.451,1281.9805,202.51373,22.909803,165.2,67.0,27.6,0.0,133.2157,84.2,192.2,39.362637,HIGH,1.6953079294298057,Watch
3836.0,1230.0588,1210.5883,1145.6863,178.46666,6.972549,149.0,68.0,27.5,0.0,165.66667,35.6,134.59999,7.238353,CRUISE_LOW,1.3449234722543202,Watch
5144.0,1301.451,1340.3922,1320.9216,198.50586,52.792156,190.4,56.0,28.1,0.0,191.62746,5.0,183.2,34.60348,HIGH,1.5868775647726407,Watch
4860.0,1359.8628,1359.8628,1372.8431,198.50586,44.82353,199.4,56.0,27.7,0.0,204.60785,-2.2000008,183.2,32.521355,CRUISE,1.0254159037833208,Watch
3556.0,1249.5294,1249.5294,1230.0588,206.52155,8.964705,149.0,65.0,27.7,0.0,178.64706,28.399994,170.59999,12.889848,CRUISE_LOW,1.0405430218095506,Watch
5428.0,1307.9412,1340.3922,1340.3922,194.49803,57.77255,190.4,57.0,27.7,0.0,172.15686,5.0,179.59999,34.60348,HIGH,1.0333412405545728,Watch
5080.0,1307.9412,1340.3922,1327.4117,198.50586,57.77255,190.4,56.0,28.0,0.0,191.62746,1.3999977,183.2,34.00859,HIGH,1.6614620274128993,Watch
3884.0,1256.0197,1256.0197,1256.0197,210.52942,12.949019,138.2,60.0,27.7,0.0,178.64706,19.400002,174.2,12.592401,CRUISE_LOW,1.401679187142502,Watch
4908.0,1333.902,1359.8628,1346.8823,200.5098,5.9764705,203.0,56.0,28.0,0.0,185.13727,1.3999977,183.2,33.11625,CRUISE,1.0509271980212809,Watch
4612.0,1340.3922,1372.8431,1372.8431,202.51373,39.843136,215.6,54.0,27.7,0.0,224.07843,-2.2000008,186.79999,31.331566,CRUISE,1.023502688874808,Watch
5148.0,1269.0,1301.451,1288.4706,194.49803,57.77255,179.59999,57.0,27.6,0.0,146.19608,5.0,183.2,34.90093,HIGH,1.317546099205074,Watch
3944.0,1359.8628,1359.8628,1346.8823,214.53723,7.9686275,159.79999,68.0,27.8,0.0,191.62746,66.2,183.2,24.192837,CRUISE_LOW,1.2969929532630968,Watch
5356.0,1340.3922,1366.353,1366.353,206.52155,57.77255,179.59999,58.0,27.8,0.0,178.64706,23.0,172.4,34.60348,HIGH,1.1259219551668989,Watch
5472.0,1346.8823,1372.8431,1372.8431,198.50586,58.768627,183.2,58.0,27.8,0.0,172.15686,15.799995,181.4,34.60348,HIGH,1.1800913301490377,Watch
5424.0,1288.4706,1314.4314,1307.9412,210.52942,67.73333,165.2,54.0,28.0,0.0,198.11765,89.59999,181.4,34.90093,HIGH,1.1988451341260402,Watch
3968.0,1236.5491,1236.5491,1236.5491,200.5098,13.945098,143.59999,60.0,27.7,0.0,146.19608,5.0,159.79999,12.889848,CRUISE_LOW,1.5618766322800597,Watch
5532.0,1256.0197,1269.0,1262.5099,200.5098,63.74902,172.4,59.0,27.6,0.0,159.17648,23.0,172.4,34.90093,HIGH,1.1248327878139197,Watch
3860.0,1249.5294,1256.0197,1236.5491,206.52155,8.964705,150.79999,67.0,27.7,0.0,146.19608,32.0,167.0,9.915376,CRUISE_LOW,1.096576519312612,Watch
3824.0,1236.5491,1243.0393,1230.0588,202.51373,11.952941,132.79999,63.0,27.7,0.0,146.19608,12.199997,165.2,13.187295,CRUISE_LOW,1.3896471394409702,Watch
3920.0,1288.4706,1320.9216,1301.451,202.51373,29.882353,141.79999,57.0,27.7,0.0,152.68628,-2.2000008,179.59999,30.736671,CRUISE_LOW,1.9704421570364032,Watch
5412.0,1346.8823,1366.353,1366.353,202.51373,57.77255,181.4,57.0,28.2,0.0,178.64706,19.400002,183.2,34.90093,HIGH,1.1206278990150624,Watch
4632.0,1314.4314,1320.9216,1320.9216,214.53723,18.92549,152.59999,56.0,27.6,0.0,178.64706,78.8,177.79999,14.674529,CRUISE,1.863559258388019,Watch
5316.0,1307.9412,1314.4314,1320.9216,210.52942,51.796078,154.4,65.0,27.900002,0.0,198.11765,78.8,176.0,38.172848,HIGH,1.1599671795276052,Watch
4644.0,1301.451,1307.9412,1307.9412,212.53333,17.92941,145.4,57.0,27.6,0.0,172.15686,77.0,174.2,14.674529,CRUISE,2.025825824995348,Warning
3904.0,1288.4706,1333.902,1307.9412,198.50586,31.87451,145.4,57.0,27.7,0.0,172.15686,-2.2000008,179.59999,30.141777,CRUISE_LOW,2.014135816824683,Warning
3920.0,762.7647,931.5098,976.94116,120.352936,7.9686275,104.0,73.0,27.5,0.0,139.70589,5.0,42.799995,6.048565,CRUISE_LOW,2.784259632990909,Warning
4608.0,1301.451,1307.9412,1307.9412,214.53723,16.933332,147.2,57.0,27.6,0.0,172.15686,77.0,177.79999,14.674529,CRUISE,2.017033426475639,Warning
3504.0,392.82355,418.78433,399.31372,180.47058,26.894117,177.79999,60.0,27.7,0.0,204.60785,-2.2000008,132.79999,3.6689882,CRUISE_LOW,2.4748297424506416,Warning
5048.0,1366.353,1359.8628,1372.8431,200.5098,44.82353,195.79999,56.0,27.7,0.0,185.13727,-2.2000008,183.2,31.92646,HIGH,2.4633314504019834,Warning
3016.0,1061.3137,1009.3922,1028.8628,84.28235,0.0,78.8,74.0,27.5,0.0,87.78432,78.8,78.8,17.351551,CRUISE_LOW,2.508831079025547,Warning
4176.0,1067.804,1002.902,950.9804,146.40392,8.964705,105.8,73.0,27.5,0.0,120.23529,5.0,66.2,6.346012,CRUISE,2.902424980569017,Warning
4096.0,1145.6863,1165.1569,1152.1765,180.47058,8.964705,150.79999,61.0,27.5,0.0,152.68628,19.400002,136.4,9.915376,CRUISE,2.9766184230951254,Warning
3992.0,1288.4706,1327.4117,1307.9412,200.5098,33.866665,149.0,57.0,27.7,0.0,178.64706,-2.2000008,177.79999,30.141777,CRUISE_LOW,2.020826598668383,Warning
4180.0,1281.9805,1275.4902,1269.0,216.54117,12.949019,152.59999,58.0,27.6,0.0,178.64706,78.8,174.2,12.294953,CRUISE,2.821855787713334,Warning
3876.0,1294.9608,1333.902,1314.4314,220.54901,34.862743,143.59999,56.0,27.7,0.0,146.19608,-2.2000008,176.0,31.629013,CRUISE_LOW,2.107993066055448,Warning
4048.0,1028.8628,996.41174,950.9804,152.41568,8.964705,105.8,72.0,27.5,0.0,120.23529,5.0,71.59999,6.9409056,CRUISE,2.968110875303561,Warning
4204.0,1269.0,1269.0,1275.4902,204.51764,11.952941,145.4,63.0,27.7,0.0,172.15686,12.199997,163.4,14.079635,CRUISE,2.2922785800848366,Warning
3948.0,782.2353,970.45105,963.9608,116.34509,7.9686275,104.0,73.0,27.5,0.0,120.23529,5.0,42.799995,6.048565,CRUISE_LOW,2.846276369754777,Warning
4208.0,1074.2942,1074.2942,1061.3137,170.45097,8.964705,143.59999,69.0,27.5,0.0,159.17648,12.199997,111.2,7.5358,CRUISE,2.810467050796565,Warning
3568.0,204.60785,308.451,509.6471,118.349014,5.9764705,116.59999,70.0,27.5,0.0,146.19608,1.3999977,59.0,5.1562233,CRUISE_LOW,2.669774454434754,Warning
3464.0,386.33334,405.80392,386.33334,180.47058,26.894117,176.0,60.0,27.6,0.0,185.13727,-2.2000008,129.2,3.6689882,CRUISE_LOW,2.3836424222596686,Warning
4076.0,1301.451,1307.9412,1294.9608,210.52942,7.9686275,154.4,63.0,27.6,0.0,159.17648,84.2,172.4,15.2694235,CRUISE,2.8559448184823597,Warning
4084.0,1158.6667,1165.1569,1158.6667,204.51764,32.870586,136.4,62.0,27.7,0.0,146.19608,5.0,149.0,9.6179285,CRUISE,2.685205263708801,Warning
4248.0,1074.2942,1074.2942,1054.8236,172.4549,8.964705,141.79999,70.0,27.5,0.0,133.2157,8.599998,113.0,7.5358,CRUISE,2.9103902974993483,Warning
2644.0,1100.2549,1080.7843,1061.3137,112.33725,0.0,93.2,72.0,27.8,0.0,107.25491,84.2,100.399994,16.459213,CRUISE_LOW,2.2411356738983508,Warning
4620.0,1301.451,1307.9412,1307.9412,214.53723,16.933332,147.2,57.0,27.6,0.0,172.15686,77.0,177.79999,14.674529,CRUISE,2.020297091440848,Warning
4308.0,1288.4706,1288.4706,1281.9805,212.53333,16.933332,145.4,57.0,27.6,0.0,172.15686,75.2,174.2,11.997506,CRUISE,2.3426818520869657,Warning
3604.0,224.07843,295.47058,496.6667,112.33725,6.972549,114.79999,72.0,27.5,0.0,113.7451,1.3999977,57.199997,5.1562233,CRUISE_LOW,2.756043534846071,Warning
2800.0,938.0,886.0784,892.56866,72.25882,0.0,78.8,72.0,27.5,0.0,81.29413,78.8,75.2,17.351551,CRUISE_LOW,2.678211830309005,Warning
3720.0,217.58826,204.60785,185.13727,140.39215,3.9843137,145.4,68.0,27.5,0.0,185.13727,1.3999977,89.59999,4.2638826,CRUISE_LOW,2.6144722090388703,Warning
4284.0,1320.9216,1327.4117,1314.4314,214.53723,48.807842,165.2,51.0,27.6,0.0,191.62746,80.59999,179.59999,13.782187,CRUISE,2.0156656278164027,Warning
4256.0,1275.4902,1281.9805,1269.0,210.52942,11.952941,154.4,60.0,27.6,0.0,159.17648,80.59999,174.2,11.700059,CRUISE,2.7949397187143643,Warning
4160.0,1061.3137,1015.8823,944.49023,146.40392,7.9686275,104.0,72.0,27.5,0.0,139.70589,5.0,64.399994,6.346012,CRUISE,2.903270300772185,Warning
5076.0,1294.9608,1314.4314,1307.9412,202.51373,22.909803,158.0,66.0,27.6,0.0,120.23529,84.2,199.4,39.362637,HIGH,2.1744732736257344,Warning
4168.0,1145.6863,1139.196,1113.2354,180.47058,10.956862,143.59999,62.0,27.5,0.0,152.68628,15.799995,138.2,7.5358,CRUISE,2.959068563108876,Warning
4608.0,1301.451,1307.9412,1307.9412,214.53723,16.933332,147.2,57.0,27.6,0.0,172.15686,77.0,177.79999,14.674529,CRUISE,2.017033426475639,Warning
3780.0,1288.4706,1320.9216,1314.4314,218.5451,30.878431,143.59999,56.0,27.7,0.0,139.70589,-2.2000008,174.2,29.546883,CRUISE_LOW,2.072365601946305,Warning
4028.0,1275.4902,1275.4902,1275.4902,210.52942,13.945098,143.59999,57.0,27.7,0.0,146.19608,15.799995,167.0,13.48474,CRUISE,2.374264215949972,Warning
4180.0,1041.8431,1048.3334,1028.8628,166.44313,7.9686275,131.0,69.0,27.5,0.0,133.2157,5.0,98.59999,7.833247,CRUISE,2.819812518108381,Warning
4096.0,1061.3137,1061.3137,1054.8236,166.44313,8.964705,134.59999,69.0,27.5,0.0,126.725494,5.0,102.2,8.130694,CRUISE,2.9115461335269317,Warning
3316.0,340.90198,360.37256,347.39215,174.45882,26.894117,167.0,60.0,27.6,0.0,185.13727,-2.2000008,118.399994,3.6689882,CRUISE_LOW,2.47099692695996,Warning
4000.0,1288.4706,1333.902,1307.9412,198.50586,31.87451,145.4,56.0,27.7,0.0,165.66667,-2.2000008,179.59999,31.331566,CRUISE_LOW,2.027542966078513,Warning
4368.0,1256.0197,1256.0197,1262.5099,202.51373,11.952941,138.2,67.0,27.7,0.0,146.19608,12.199997,158.0,14.377082,CRUISE,2.2829401947781163,Warning
2844.0,1022.37256,1028.8628,996.41174,96.30588,0.0,93.2,72.0,27.7,0.0,100.76471,80.59999,93.2,15.864318,CRUISE_LOW,2.448600250987521,Warning
2968.0,1067.804,1080.7843,1048.3334,104.32156,0.0,93.2,73.0,27.7,0.0,107.25491,78.8,96.8,15.2694235,CRUISE_LOW,2.24645869539651,Warning
3956.0,1288.4706,1327.4117,1314.4314,200.5098,31.87451,143.59999,56.0,27.7,0.0,133.2157,-2.2000008,179.59999,31.629013,CRUISE_LOW,2.07971673841149,Warning
3996.0,1288.4706,1333.902,1314.4314,200.5098,31.87451,159.79999,57.0,27.7,0.0,178.64706,-2.2000008,181.4,31.629013,CRUISE_LOW,2.023424952607573,Warning
3640.0,1301.451,1327.4117,1320.9216,210.52942,26.894117,134.59999,57.0,27.7,0.0,133.2157,1.3999977,183.2,29.249435,CRUISE_LOW,2.0097946927021177,Warning
3540.0,282.4902,477.1961,613.49023,120.352936,5.9764705,123.79999,70.0,27.5,0.0,126.725494,1.3999977,71.59999,4.858776,CRUISE_LOW,2.6664445215615165,Warning
4324.0,1269.0,1269.0,1262.5099,210.52942,7.9686275,154.4,60.0,27.6,0.0,152.68628,78.8,167.0,11.105165,CRUISE,2.962164383382338,Warning
4964.0,1327.4117,1340.3922,1353.3726,212.53333,6.972549,170.59999,50.0,27.6,0.0,198.11765,82.399994,170.59999,25.382626,CRUISE,2.205026741471319,Warning
3188.0,801.70593,821.1765,801.70593,194.49803,48.807842,192.2,54.0,28.0,0.0,204.60785,-2.2000008,165.2,3.9664354,CRUISE_LOW,2.378166096084352,Warning
5388.0,1256.0197,1256.0197,1249.5294,198.50586,7.9686275,167.0,72.0,27.7,0.0,139.70589,75.2,192.2,38.172848,HIGH,2.0172652575841594,Warning
5044.0,1333.902,1340.3922,1346.8823,210.52942,20.917646,161.59999,56.0,27.6,0.0,198.11765,78.8,167.0,17.054108,HIGH,2.0690622712851896,Warning
4192.0,1093.7648,1100.2549,1080.7843,170.45097,8.964705,145.4,69.0,27.5,0.0,133.2157,12.199997,114.79999,8.130694,CRUISE,2.9839174476558026,Warning
3592.0,230.56863,334.41177,522.62744,110.33333,6.972549,113.0,72.0,27.5,0.0,133.2157,1.3999977,53.6,5.1562233,CRUISE_LOW,2.717749223376289,Warning
4664.0,1301.451,1307.9412,1301.451,214.53723,16.933332,145.4,58.0,27.6,0.0,178.64706,77.0,176.0,14.674529,CRUISE,2.0799992889728496,Warning
3652.0,204.60785,360.37256,587.5294,120.352936,5.9764705,118.399994,70.0,27.5,0.0,146.19608,1.3999977,64.399994,4.858776,CRUISE_LOW,2.7072594892887167,Warning
4808.0,1340.3922,1353.3726,1346.8823,210.52942,20.917646,159.79999,54.0,27.6,0.0,191.62746,78.8,176.0,17.351551,CRUISE,2.031928146679326,Warning
4204.0,1269.0,1269.0,1275.4902,206.52155,11.952941,145.4,62.0,27.7,0.0,152.68628,12.199997,161.59999,14.377082,CRUISE,2.3245131159134624,Warning
4284.0,1275.4902,1269.0,1262.5099,210.52942,7.9686275,156.2,60.0,27.6,0.0,178.64706,78.8,165.2,11.105165,CRUISE,2.918680123130667,Warning
5068.0,1359.8628,1359.8628,1353.3726,200.5098,44.82353,192.2,58.0,27.7,0.0,178.64706,-2.2000008,183.2,32.223907,HIGH,2.376119680958932,Warning
4028.0,1301.451,1301.451,1294.9608,212.53333,7.9686275,154.4,63.0,27.6,0.0,146.19608,84.2,177.79999,15.2694235,CRUISE,2.829682861628624,Warning
4272.0,1275.4902,1275.4902,1262.5099,210.52942,11.952941,154.4,60.0,27.6,0.0,159.17648,80.59999,174.2,11.105165,CRUISE,2.813128900164967,Warning
4168.0,1113.2354,1126.2157,1106.7451,172.4549,8.964705,149.0,69.0,27.5,0.0,159.17648,15.799995,118.399994,8.428142,CRUISE,2.939262092157196,Warning
4140.0,1028.8628,1028.8628,1015.8823,164.43921,7.9686275,125.59999,72.0,27.5,0.0,159.17648,12.199997,93.2,7.5358,CRUISE,2.9397881842486977,Warning
3948.0,1009.3922,1002.902,963.9608,158.42744,7.9686275,111.2,70.0,27.5,0.0,139.70589,5.0,84.2,7.238353,CRUISE_LOW,2.716783329726481,Warning
2968.0,1015.8823,963.9608,976.94116,80.274506,0.0,78.8,73.0,27.5,0.0,87.78432,78.8,78.8,17.648998,CRUISE_LOW,2.6103414404213128,Warning
2704.0,957.4706,970.45105,931.5098,92.298035,0.0,93.2,72.0,27.7,0.0,107.25491,80.59999,91.399994,17.054108,CRUISE_LOW,2.548250538319478,Warning
3384.0,217.58826,340.90198,470.70587,128.36862,5.9764705,136.4,68.0,27.5,0.0,172.15686,1.3999977,86.0,4.858776,CRUISE_LOW,2.419682323613541,Warning
4316.0,1281.9805,1275.4902,1269.0,210.52942,11.952941,156.2,60.0,27.6,0.0,159.17648,78.8,170.59999,11.105165,CRUISE,2.8256734726255357,Warning
3984.0,879.58826,1035.353,976.94116,134.38039,7.9686275,104.0,72.0,27.5,0.0,113.7451,5.0,53.6,6.346012,CRUISE_LOW,2.797711086671765,Warning
3696.0,217.58826,204.60785,185.13727,142.39607,3.9843137,145.4,66.0,27.5,0.0,165.66667,1.3999977,89.59999,4.2638826,CRUISE_LOW,2.545056485385495,Warning
5040.0,1359.8628,1372.8431,1366.353,200.5098,44.82353,192.2,57.0,27.7,0.0,185.13727,-2.2000008,183.2,32.521355,HIGH,2.427503655608708,Warning
5008.0,1353.3726,1359.8628,1353.3726,200.5098,44.82353,192.2,57.0,27.7,0.0,185.13727,-2.2000008,183.2,31.92646,HIGH,2.3857313522091887,Warning
4688.0,1307.9412,1333.902,1288.4706,210.52942,7.9686275,185.0,63.0,27.6,0.0,165.66667,89.59999,192.2,37.577953,CRUISE,2.609409898451982,Warning
3632.0,379.84314,516.13727,632.9608,108.32941,6.972549,109.399994,72.0,27.5,0.0,107.25491,5.0,42.799995,5.7511177,CRUISE_LOW,2.7694221410974174,Warning
4112.0,1067.804,1022.37256,944.49023,144.4,7.9686275,104.0,72.0,27.5,0.0,120.23529,5.0,62.6,6.346012,CRUISE,2.9674464745032507,Warning
4164.0,1113.2354,1113.2354,1100.2549,170.45097,8.964705,145.4,68.0,27.5,0.0,126.725494,12.199997,118.399994,8.428142,CRUISE,2.9856606564910666,Warning
3484.0,198.11765,204.60785,256.52942,130.37254,5.9764705,143.59999,68.0,27.5,0.0,152.68628,1.3999977,89.59999,4.56133,CRUISE_LOW,2.480026537018284,Warning
4256.0,1281.9805,1281.9805,1269.0,214.53723,13.945098,145.4,57.0,27.6,0.0,165.66667,75.2,176.0,11.997506,CRUISE,2.4633180702015998,Warning
4192.0,1067.804,1002.902,944.49023,146.40392,8.964705,105.8,73.0,27.5,0.0,120.23529,5.0,64.399994,6.346012,CRUISE,2.9062132468750894,Warning
3556.0,250.03922,438.2549,548.58826,126.3647,3.9843137,129.2,69.0,27.5,0.0,139.70589,1.3999977,84.2,4.56133,CRUISE_LOW,2.6087998016450333,Warning
3972.0,1288.4706,1333.902,1314.4314,202.51373,32.870586,165.2,56.0,27.7,0.0,178.64706,-9.400002,183.2,31.331566,CRUISE_LOW,2.01490714217944,Warning
4144.0,1061.3137,1015.8823,944.49023,144.4,7.9686275,104.0,73.0,27.5,0.0,139.70589,5.0,64.399994,6.346012,CRUISE,2.896172679296695,Warning
4312.0,1288.4706,1294.9608,1288.4706,214.53723,16.933332,145.4,57.0,27.6,0.0,172.15686,75.2,174.2,12.294953,CRUISE,2.3314601436201072,Warning
4320.0,1288.4706,1288.4706,1288.4706,214.53723,16.933332,145.4,57.0,27.6,0.0,172.15686,77.0,174.2,12.592401,CRUISE,2.318961109222143,Warning
3832.0,581.03925,678.39215,821.1765,110.33333,6.972549,105.8,73.0,27.5,0.0,113.7451,5.0,42.799995,5.7511177,CRUISE_LOW,2.7786456463390787,Warning
3588.0,224.07843,224.07843,198.11765,146.40392,3.9843137,143.59999,63.0,27.5,0.0,191.62746,1.3999977,89.59999,3.9664354,CRUISE_LOW,2.5302270408588017,Warning
3576.0,204.60785,373.35297,548.58826,124.36078,3.9843137,125.59999,69.0,27.5,0.0,159.17648,1.3999977,80.59999,4.56133,CRUISE_LOW,2.633815588537045,Warning
3704.0,269.50983,483.68628,594.01965,126.3647,3.9843137,132.79999,69.0,27.5,0.0,159.17648,1.3999977,84.2,4.56133,CRUISE_LOW,2.6358708271442195,Warning
3984.0,1009.3922,1009.3922,970.45105,158.42744,7.9686275,113.0,70.0,27.5,0.0,120.23529,5.0,84.2,7.238353,CRUISE_LOW,2.7602499523181168,Warning
4164.0,1041.8431,1015.8823,976.94116,160.43137,7.9686275,114.79999,72.0,27.5,0.0,120.23529,5.0,86.0,6.346012,CRUISE,2.8520973149240474,Warning
4812.0,1340.3922,1353.3726,1346.8823,210.52942,20.917646,159.79999,54.0,27.6,0.0,191.62746,78.8,176.0,17.351551,CRUISE,2.033016035001063,Warning
4184.0,1035.353,1022.37256,996.41174,162.43529,8.964705,123.79999,70.0,27.5,0.0,126.725494,12.199997,89.59999,7.238353,CRUISE,2.911311851484564,Warning
3672.0,204.60785,204.60785,185.13727,140.39215,3.9843137,145.4,68.0,27.5,0.0,185.13727,1.3999977,89.59999,4.2638826,CRUISE_LOW,2.5963838521707525,Warning
3252.0,1333.902,1353.3726,1340.3922,200.5098,48.807842,201.19998,51.0,28.1,0.0,185.13727,-2.2000008,183.2,13.187295,CRUISE_LOW,2.317032669142528,Warning
4088.0,1301.451,1301.451,1281.9805,214.53723,7.9686275,154.4,63.0,27.6,0.0,165.66667,84.2,174.2,14.971976,CRUISE,2.9342772365247307,Warning
4824.0,1340.3922,1346.8823,1353.3726,210.52942,20.917646,161.59999,54.0,27.6,0.0,204.60785,78.8,170.59999,17.351551,CRUISE,2.0607978256590203,Warning
3024.0,1074.2942,1015.8823,1041.8431,86.28627,0.0,78.8,73.0,27.5,0.0,81.29413,78.8,78.8,17.351551,CRUISE_LOW,2.480056871825311,Warning
5044.0,1359.8628,1366.353,1353.3726,198.50586,44.82353,199.4,56.0,27.7,0.0,185.13727,-2.2000008,183.2,32.223907,HIGH,2.5026749381926345,Warning
5076.0,1366.353,1366.353,1372.8431,200.5098,44.82353,194.0,56.0,27.7,0.0,204.60785,-2.2000008,183.2,32.223907,HIGH,2.4738222294503265,Warning
4304.0,1269.0,1269.0,1262.5099,206.52155,7.9686275,156.2,60.0,27.6,0.0,159.17648,78.8,165.2,10.807717,CRUISE,2.888005600594693,Warning
5084.0,1366.353,1366.353,1372.8431,198.50586,44.82353,195.79999,56.0,27.7,0.0,204.60785,-2.2000008,183.2,32.223907,HIGH,2.4344337123651822,Warning
3464.0,198.11765,204.60785,269.50983,130.37254,5.9764705,143.59999,68.0,27.5,0.0,185.13727,1.3999977,89.59999,4.56133,CRUISE_LOW,2.4741324948578507,Warning
4176.0,1035.353,1015.8823,976.94116,160.43137,7.9686275,114.79999,72.0,27.5,0.0,113.7451,5.0,86.0,6.346012,CRUISE,2.938949012088256,Warning
4292.0,1288.4706,1294.9608,1288.4706,214.53723,16.933332,145.4,56.0,27.6,0.0,172.15686,77.0,177.79999,12.889848,CRUISE,2.258883661753529,Warning
4132.0,1028.8628,1028.8628,1002.902,162.43529,8.964705,123.79999,72.0,27.5,0.0,146.19608,12.199997,91.399994,7.5358,CRUISE,2.956780423025007,Warning
4028.0,1243.0393,1243.0393,1236.5491,202.51373,11.952941,134.59999,65.0,27.7,0.0,139.70589,12.199997,165.2,12.889848,CRUISE,2.833959535430206,Warning
4212.0,1275.4902,1275.4902,1281.9805,206.52155,11.952941,145.4,57.0,27.7,0.0,146.19608,12.199997,161.59999,14.674529,CRUISE,2.0865982695313763,Warning
4064.0,1165.1569,1184.6274,1171.6471,198.50586,10.956862,136.4,63.0,27.7,0.0,152.68628,1.3999977,143.59999,10.212823,CRUISE,2.848351968993144,Warning
3428.0,282.4902,295.47058,276.0,166.44313,3.9843137,154.4,61.0,27.6,0.0,185.13727,-2.2000008,96.8,3.6689882,CRUISE_LOW,2.429610553060958,Warning
4620.0,1307.9412,1320.9216,1307.9412,214.53723,16.933332,149.0,56.0,27.6,0.0,185.13727,78.8,174.2,14.674529,CRUISE,2.0113235302672727,Warning
3548.0,224.07843,373.35297,522.62744,128.36862,5.9764705,138.2,69.0,27.5,0.0,146.19608,1.3999977,86.0,4.56133,CRUISE_LOW,2.5577841825012477,Warning
3568.0,438.2549,470.70587,451.2353,186.48235,26.894117,181.4,58.0,27.8,0.0,204.60785,-2.2000008,141.79999,3.6689882,CRUISE_LOW,2.462020465858785,Warning
4184.0,1269.0,1269.0,1275.4902,204.51764,11.952941,145.4,63.0,27.7,0.0,152.68628,12.199997,161.59999,14.079635,CRUISE,2.324669266426222,Warning
4216.0,1087.2745,1087.2745,1061.3137,170.45097,8.964705,143.59999,69.0,27.5,0.0,126.725494,12.199997,111.2,7.5358,CRUISE,2.829416002630514,Warning
4136.0,1028.8628,1028.8628,1015.8823,164.43921,7.9686275,125.59999,72.0,27.5,0.0,133.2157,12.199997,93.2,7.5358,CRUISE,2.9238042677923044,Warning
3800.0,1301.451,1340.3922,1333.902,210.52942,30.878431,138.2,56.0,27.6,0.0,159.17648,1.3999977,179.59999,30.141777,CRUISE_LOW,2.020759850334874,Warning
4232.0,1275.4902,1275.4902,1262.5099,216.54117,13.945098,145.4,57.0,27.6,0.0,172.15686,75.2,174.2,12.294953,CRUISE,2.832110693530113,Warning
4372.0,1275.4902,1281.9805,1288.4706,202.51373,11.952941,138.2,66.0,27.7,0.0,172.15686,12.199997,156.2,15.2694235,CRUISE,2.0989498856486786,Warning
4320.0,1288.4706,1288.4706,1281.9805,214.53723,16.933332,145.4,56.0,27.6,0.0,172.15686,77.0,174.2,12.889848,CRUISE,2.3282338082063934,Warning
3476.0,522.62744,548.58826,529.1177,190.49019,26.894117,186.79999,57.0,27.900002,0.0,185.13727,-2.2000008,154.4,3.6689882,CRUISE_LOW,2.382641840891625,Warning
4108.0,1307.9412,1333.902,1307.9412,200.5098,7.9686275,152.59999,66.0,27.6,0.0,107.25491,84.2,194.0,37.280506,CRUISE,2.719690038517841,Warning
4112.0,1301.451,1307.9412,1288.4706,214.53723,7.9686275,154.4,64.0,27.6,0.0,146.19608,84.2,174.2,14.971976,CRUISE,2.9107643432460835,Warning
3552.0,204.60785,269.50983,470.70587,114.34117,6.972549,114.79999,70.0,27.5,0.0,113.7451,1.3999977,57.199997,5.1562233,CRUISE_LOW,2.6536213028748064,Warning
3508.0,204.60785,373.35297,490.1765,126.3647,5.9764705,134.59999,68.0,27.5,0.0,146.19608,1.3999977,86.0,4.858776,CRUISE_LOW,2.536516783053844,Warning
3536.0,230.56863,230.56863,204.60785,148.40784,3.9843137,143.59999,62.0,27.5,0.0,172.15686,1.3999977,89.59999,3.9664354,CRUISE_LOW,2.5063303764842075,Warning
3560.0,256.52942,457.72552,561.56866,126.3647,3.9843137,129.2,69.0,27.5,0.0,139.70589,1.3999977,84.2,4.56133,CRUISE_LOW,2.658660356871412,Warning
4288.0,1281.9805,1275.4902,1269.0,210.52942,11.952941,154.4,60.0,27.6,0.0,159.17648,80.59999,174.2,11.105165,CRUISE,2.7693741609969065,Warning
4288.0,1281.9805,1281.9805,1269.0,214.53723,12.949019,149.0,58.0,27.6,0.0,185.13727,75.2,174.2,12.294953,CRUISE,2.7475045039949384,Warning
4132.0,1035.353,1041.8431,1022.37256,166.44313,7.9686275,129.2,69.0,27.5,0.0,159.17648,5.0,96.8,7.833247,CRUISE,2.868415459957857,Warning
4128.0,1067.804,1015.8823,944.49023,144.4,7.9686275,104.0,72.0,27.5,0.0,139.70589,5.0,62.6,6.346012,CRUISE,2.9741963835015315,Warning
3352.0,308.451,327.92157,308.451,170.45097,3.9843137,159.79999,61.0,27.6,0.0,185.13727,-2.2000008,105.8,3.6689882,CRUISE_LOW,2.3812948438454384,Warning
4640.0,1307.9412,1314.4314,1307.9412,210.52942,16.933332,149.0,58.0,27.6,0.0,185.13727,77.0,174.2,14.377082,CRUISE,2.055831241853905,Warning
4656.0,1301.451,1307.9412,1301.451,212.53333,16.933332,145.4,57.0,27.6,0.0,172.15686,77.0,177.79999,14.674529,CRUISE,2.018777444105477,Warning
4132.0,1041.8431,1022.37256,989.92163,162.43529,8.964705,118.399994,72.0,27.5,0.0,146.19608,12.199997,89.59999,7.238353,CRUISE,2.935127359103523,Warning
3680.0,204.60785,347.39215,581.03925,118.349014,5.9764705,118.399994,70.0,27.5,0.0,146.19608,1.3999977,64.399994,4.858776,CRUISE_LOW,2.721053035895392,Warning
3680.0,217.58826,204.60785,185.13727,142.39607,3.9843137,145.4,68.0,27.5,0.0,159.17648,1.3999977,89.59999,4.2638826,CRUISE_LOW,2.576259344332388,Warning
4000.0,1074.2942,1087.2745,1061.3137,170.45097,8.964705,138.2,69.0,27.5,0.0,133.2157,5.0,109.399994,7.833247,CRUISE_LOW,2.4641361856171264,Warning
4284.0,1275.4902,1275.4902,1262.5099,210.52942,11.952941,156.2,60.0,27.6,0.0,165.66667,80.59999,174.2,11.105165,CRUISE,2.79771593241682,Warning
2740.0,983.4314,989.92163,950.9804,92.298035,0.0,93.2,72.0,27.7,0.0,107.25491,80.59999,93.2,16.75666,CRUISE_LOW,2.517022010857658,Warning
4096.0,1061.3137,1022.37256,944.49023,142.39607,7.9686275,104.0,73.0,27.5,0.0,139.70589,5.0,60.799995,6.346012,CRUISE,2.952271262619999,Warning
3568.0,204.60785,191.62746,178.64706,134.38039,5.9764705,145.4,68.0,27.5,0.0,159.17648,1.3999977,89.59999,4.2638826,CRUISE_LOW,2.482278276524497,Warning
4296.0,1275.4902,1275.4902,1262.5099,214.53723,13.945098,149.0,58.0,27.6,0.0,165.66667,75.2,174.2,11.997506,CRUISE,2.8016235416802475,Warning
4288.0,1139.196,1152.1765,1126.2157,180.47058,10.956862,145.4,63.0,27.5,0.0,159.17648,19.400002,141.79999,7.5358,CRUISE,2.963951001449253,Warning
3648.0,386.33334,529.1177,632.9608,108.32941,6.972549,109.399994,72.0,27.5,0.0,113.7451,5.0,42.799995,5.7511177,CRUISE_LOW,2.75129674397642,Warning
3528.0,211.09805,360.37256,490.1765,128.36862,5.9764705,138.2,69.0,27.5,0.0,146.19608,1.3999977,89.59999,4.56133,CRUISE_LOW,2.520959795103114,Warning
4300.0,1275.4902,1275.4902,1269.0,214.53723,16.933332,145.4,57.0,27.6,0.0,165.66667,75.2,174.2,11.997506,CRUISE,2.476828761256963,Warning
4648.0,1301.451,1307.9412,1307.9412,210.52942,17.92941,145.4,57.0,27.6,0.0,172.15686,75.2,174.2,14.674529,CRUISE,2.0269432067984234,Warning
4284.0,1275.4902,1275.4902,1269.0,214.53723,13.945098,145.4,58.0,27.6,0.0,165.66667,75.2,174.2,12.294953,CRUISE,2.562526645759144,Warning
4260.0,1275.4902,1281.9805,1269.0,210.52942,11.952941,154.4,60.0,27.6,0.0,152.68628,80.59999,174.2,11.105165,CRUISE,2.8022539775932187,Warning
4640.0,1307.9412,1307.9412,1307.9412,210.52942,16.933332,149.0,57.0,27.6,0.0,172.15686,77.0,172.4,14.674529,CRUISE,2.096901392243872,Warning
4016.0,1165.1569,1158.6667,1132.7059,176.46274,7.9686275,150.79999,67.0,27.5,0.0,139.70589,28.399994,132.79999,7.833247,CRUISE,3.505886246667981,Critical
4108.0,1139.196,1152.1765,1145.6863,178.46666,8.964705,152.59999,67.0,27.5,0.0,152.68628,15.799995,134.59999,9.320483,CRUISE,3.0377977255437245,Critical
4016.0,1281.9805,1275.4902,1269.0,214.53723,11.952941,152.59999,60.0,27.6,0.0,172.15686,80.59999,174.2,11.105165,CRUISE,3.0061806832720084,Critical
4056.0,1145.6863,1158.6667,1145.6863,178.46666,8.964705,154.4,65.0,27.5,0.0,133.2157,15.799995,134.59999,9.915376,CRUISE,3.146383399293158,Critical
4068.0,775.7451,938.0,957.4706,116.34509,7.9686275,104.0,73.0,27.5,0.0,113.7451,5.0,42.799995,6.048565,CRUISE,3.0856875195728453,Critical
4092.0,1139.196,1152.1765,1139.196,178.46666,8.964705,154.4,67.0,27.5,0.0,126.725494,15.799995,132.79999,9.6179285,CRUISE,3.044408616792607,Critical
4136.0,1113.2354,1132.7059,1113.2354,174.45882,8.964705,149.0,68.0,27.5,0.0,139.70589,15.799995,123.79999,8.725589,CRUISE,3.0619960175144127,Critical
4048.0,1035.353,989.92163,950.9804,150.41176,8.964705,105.8,72.0,27.5,0.0,126.725494,5.0,71.59999,6.346012,CRUISE,3.0117503035974,Critical
4080.0,1165.1569,1145.6863,1119.7255,176.46274,7.9686275,149.0,67.0,27.5,0.0,159.17648,28.399994,132.79999,7.238353,CRUISE,3.4593712807508643,Critical
4092.0,1152.1765,1158.6667,1139.196,176.46274,8.964705,154.4,63.0,27.5,0.0,152.68628,19.400002,136.4,9.915376,CRUISE,3.1126541800718184,Critical
4136.0,1132.7059,1139.196,1132.7059,178.46666,8.964705,152.59999,68.0,27.5,0.0,133.2157,15.799995,129.2,9.320483,CRUISE,3.022754852665631,Critical
4140.0,1145.6863,1158.6667,1145.6863,178.46666,8.964705,152.59999,63.0,27.5,0.0,152.68628,19.400002,136.4,9.915376,CRUISE,3.0269314773613063,Critical
4160.0,1145.6863,1145.6863,1119.7255,176.46274,8.964705,145.4,66.0,27.5,0.0,133.2157,23.0,132.79999,7.833247,CRUISE,3.131283809811598,Critical
4096.0,1165.1569,1145.6863,1119.7255,178.46666,7.9686275,149.0,67.0,27.5,0.0,165.66667,28.399994,132.79999,7.238353,CRUISE,3.4078099993472764,Critical
4032.0,892.56866,1035.353,970.45105,136.38431,7.9686275,104.0,72.0,27.5,0.0,139.70589,5.0,57.199997,6.346012,CRUISE,3.024968902075309,Critical
4012.0,1165.1569,1152.1765,1126.2157,176.46274,7.9686275,149.0,67.0,27.5,0.0,139.70589,28.399994,132.79999,7.5358,CRUISE,3.506517557160195,Critical
4152.0,1028.8628,1022.37256,996.41174,162.43529,8.964705,120.2,71.0,27.5,0.0,126.725494,12.199997,89.59999,7.238353,CRUISE,3.01199376757873,Critical
4028.0,1275.4902,1275.4902,1269.0,212.53333,11.952941,152.59999,60.0,27.6,0.0,165.66667,80.59999,172.4,11.105165,CRUISE,3.0320167201142167,Critical
4132.0,1035.353,1028.8628,996.41174,162.43529,8.964705,123.79999,72.0,27.5,0.0,126.725494,12.199997,91.399994,7.238353,CRUISE,3.057412824440451,Critical
4008.0,1145.6863,1158.6667,1139.196,180.47058,10.956862,145.4,61.0,27.5,0.0,165.66667,19.400002,138.2,9.320483,CRUISE,3.0887611205830723,Critical
4172.0,1048.3334,1015.8823,976.94116,160.43137,7.9686275,114.79999,72.0,27.5,0.0,146.19608,8.599998,86.0,6.346012,CRUISE,3.0848500979765827,Critical
4172.0,1275.4902,1243.0393,1191.1177,206.52155,11.952941,154.4,65.0,27.6,0.0,159.17648,84.2,165.2,10.212823,CRUISE,3.266313537308843,Critical
4104.0,1139.196,1152.1765,1145.6863,178.46666,8.964705,152.59999,67.0,27.5,0.0,152.68628,15.799995,134.59999,9.6179285,CRUISE,3.0388856138654607,Critical
4168.0,1152.1765,1158.6667,1145.6863,178.46666,8.964705,152.59999,62.0,27.5,0.0,152.68628,19.400002,136.4,9.915376,CRUISE,3.0056604172139187,Critical
4012.0,1171.6471,1158.6667,1132.7059,178.46666,7.9686275,150.79999,68.0,27.5,0.0,139.70589,28.399994,132.79999,7.833247,CRUISE,3.504121569901975,Critical
4004.0,1275.4902,1275.4902,1269.0,212.53333,11.952941,152.59999,60.0,27.6,0.0,172.15686,80.59999,172.4,11.105165,CRUISE,3.0309395957642744,Critical
4088.0,970.45105,1022.37256,944.49023,128.36862,7.9686275,104.0,74.0,27.5,0.0,113.7451,5.0,53.6,6.346012,CRUISE,3.006706826918454,Critical
4140.0,1113.2354,1132.7059,1113.2354,174.45882,8.964705,149.0,68.0,27.5,0.0,139.70589,15.799995,123.79999,8.725589,CRUISE,3.0609081291926765,Critical
4124.0,1152.1765,1158.6667,1145.6863,178.46666,8.964705,152.59999,63.0,27.5,0.0,159.17648,19.400002,136.4,9.915376,CRUISE,3.041719115823162,Critical
4136.0,1152.1765,1145.6863,1132.7059,176.46274,8.964705,149.0,66.0,27.5,0.0,133.2157,23.0,132.79999,7.833247,CRUISE,3.1422959197872258,Critical
4108.0,1145.6863,1165.1569,1145.6863,180.47058,8.964705,150.79999,61.0,27.5,0.0,133.2157,19.400002,136.4,9.915376,CRUISE,3.18463478810672,Critical
4204.0,1145.6863,1145.6863,1119.7255,176.46274,8.964705,145.4,65.0,27.5,0.0,139.70589,23.0,134.59999,7.833247,CRUISE,3.1007480249840453,Critical
4036.0,1171.6471,1158.6667,1132.7059,176.46274,7.9686275,150.79999,67.0,27.5,0.0,159.17648,28.399994,132.79999,7.833247,CRUISE,3.4912837666857377,Critical
4204.0,1275.4902,1236.5491,1158.6667,210.52942,11.952941,154.4,64.0,27.6,0.0,159.17648,84.2,165.2,9.915376,CRUISE,3.338330177104197,Critical
4032.0,1165.1569,1158.6667,1132.7059,176.46274,7.9686275,150.79999,67.0,27.5,0.0,165.66667,28.399994,132.79999,7.833247,CRUISE,3.488130268112971,Critical
4052.0,1171.6471,1158.6667,1132.7059,178.46666,7.9686275,150.79999,68.0,27.5,0.0,165.66667,28.399994,132.79999,7.833247,CRUISE,3.4807470690021987,Critical
4200.0,1145.6863,1126.2157,1113.2354,180.47058,10.956862,143.59999,62.0,27.5,0.0,126.725494,23.0,136.4,7.5358,CRUISE,3.155163810294119,Critical
4020.0,697.8628,808.1961,970.45105,114.34117,7.9686275,104.0,73.0,27.5,0.0,113.7451,5.0,42.799995,6.048565,CRUISE,3.205268496647085,Critical
4012.0,1165.1569,1165.1569,1145.6863,176.46274,7.9686275,150.79999,69.0,27.5,0.0,152.68628,32.0,132.79999,7.238353,CRUISE,3.4320988158638635,Critical
4072.0,1152.1765,1171.6471,1152.1765,180.47058,8.964705,149.0,61.0,27.5,0.0,133.2157,19.400002,138.2,9.915376,CRUISE,3.0361319765934045,Critical
4384.0,1275.4902,1243.0393,1191.1177,206.52155,11.952941,154.4,65.0,27.6,0.0,159.17648,84.2,165.2,12.294953,CRUISE,3.2198969498041734,Critical
4176.0,1171.6471,1158.6667,1132.7059,176.46274,7.9686275,150.79999,68.0,27.5,0.0,139.70589,32.0,132.79999,9.023036,CRUISE,3.4493562024465945,Critical
4140.0,1243.0393,1236.5491,1210.5883,210.52942,11.952941,154.4,60.0,27.6,0.0,159.17648,78.8,165.2,9.6179285,CRUISE,3.260436446499741,Critical
4164.0,1145.6863,1139.196,1119.7255,176.46274,8.964705,145.4,66.0,27.5,0.0,139.70589,23.0,134.59999,7.833247,CRUISE,3.160402465155604,Critical
4068.0,1041.8431,996.41174,944.49023,150.41176,8.964705,105.8,72.0,27.5,0.0,120.23529,5.0,71.59999,6.346012,CRUISE,3.022113680307636,Critical
4232.0,1145.6863,1139.196,1113.2354,178.46666,10.956862,143.59999,63.0,27.5,0.0,159.17648,23.0,136.4,7.5358,CRUISE,3.0329700730453646,Critical
4132.0,1119.7255,1126.2157,1119.7255,174.45882,8.964705,149.0,68.0,27.5,0.0,152.68628,15.799995,123.79999,8.725589,CRUISE,3.147140463473024,Critical
4040.0,1067.804,1009.3922,899.05884,188.48627,6.972549,152.59999,69.0,27.6,0.0,159.17648,57.199997,150.79999,10.212823,CRUISE,3.517341131378051,Critical
4136.0,1249.5294,1243.0393,1230.0588,206.52155,11.952941,154.4,60.0,27.6,0.0,165.66667,78.8,165.2,9.915376,CRUISE,3.148978059559877,Critical
4128.0,1035.353,1041.8431,1022.37256,166.44313,7.9686275,129.2,70.0,27.5,0.0,146.19608,5.0,96.8,7.833247,CRUISE,3.0302182171581764,Critical
4152.0,1035.353,1035.353,1015.8823,164.43921,7.9686275,125.59999,69.0,27.5,0.0,152.68628,12.199997,93.2,7.5358,CRUISE,3.0578184515178566,Critical
4088.0,1145.6863,1152.1765,1139.196,178.46666,8.964705,154.4,67.0,27.5,0.0,126.725494,15.799995,134.59999,9.6179285,CRUISE,3.137759510685339,Critical
4008.0,1165.1569,1152.1765,1126.2157,176.46274,7.9686275,149.0,68.0,27.5,0.0,139.70589,28.399994,132.79999,7.5358,CRUISE,3.5319445443219544,Critical
4116.0,1152.1765,1145.6863,1132.7059,176.46274,8.964705,149.0,67.0,27.5,0.0,133.2157,23.0,134.59999,7.833247,CRUISE,3.227314528150606,Critical
4052.0,1171.6471,1152.1765,1126.2157,176.46274,7.9686275,149.0,67.0,27.5,0.0,139.70589,28.399994,132.79999,7.5358,CRUISE,3.4537309031759365,Critical
4088.0,1145.6863,1158.6667,1139.196,178.46666,8.964705,154.4,66.0,27.5,0.0,159.17648,15.799995,134.59999,9.6179285,CRUISE,3.125845531806699,Critical
4084.0,944.49023,1028.8628,957.4706,128.36862,7.9686275,104.0,73.0,27.5,0.0,133.2157,5.0,53.6,6.048565,CRUISE,3.0461432898603675,Critical
4052.0,931.5098,1041.8431,963.9608,138.38823,7.9686275,104.0,73.0,27.5,0.0,113.7451,5.0,57.199997,6.346012,CRUISE,3.0078153358928086,Critical
4136.0,1152.1765,1158.6667,1145.6863,178.46666,8.964705,152.59999,63.0,27.5,0.0,159.17648,19.400002,136.4,9.915376,CRUISE,3.0384554508579527,Critical
4700.0,1256.0197,1256.0197,1243.0393,202.51373,7.9686275,192.2,62.0,27.6,0.0,152.68628,86.0,190.4,9.023036,CRUISE,3.032171972565183,Critical
4164.0,1035.353,1028.8628,1002.902,162.43529,7.9686275,125.59999,69.0,27.5,0.0,120.23529,12.199997,93.2,7.5358,CRUISE,3.004587500117436,Critical
4292.0,1184.6274,1178.1373,1132.7059,206.52155,11.952941,154.4,60.0,27.6,0.0,165.66667,84.2,172.4,18.243893,CRUISE,3.301245432910064,Critical
4028.0,1158.6667,1145.6863,1126.2157,176.46274,7.9686275,149.0,66.0,27.5,0.0,159.17648,23.0,134.59999,7.5358,CRUISE,3.199189828221246,Critical
4140.0,1119.7255,1132.7059,1126.2157,178.46666,8.964705,152.59999,67.0,27.5,0.0,126.725494,15.799995,125.59999,9.023036,CRUISE,3.07806441537834,Critical
4120.0,1119.7255,1126.2157,1119.7255,176.46274,8.964705,149.0,67.0,27.5,0.0,152.68628,15.799995,123.79999,9.023036,CRUISE,3.0268162158387466,Critical
4128.0,1132.7059,1139.196,1132.7059,178.46666,8.964705,152.59999,68.0,27.5,0.0,133.2157,15.799995,129.2,9.320483,CRUISE,3.036143247945762,Critical
4200.0,1145.6863,1145.6863,1119.7255,176.46274,8.964705,145.4,67.0,27.5,0.0,133.2157,23.0,132.79999,7.833247,CRUISE,3.19274292633063,Critical
4196.0,1145.6863,1139.196,1119.7255,176.46274,8.964705,145.4,66.0,27.5,0.0,139.70589,23.0,134.59999,7.833247,CRUISE,3.14045786503435,Critical
4056.0,1171.6471,1152.1765,1126.2157,176.46274,7.9686275,149.0,67.0,27.5,0.0,139.70589,28.399994,132.79999,7.5358,CRUISE,3.4526816714850623,Critical
4192.0,1113.2354,1126.2157,1113.2354,174.45882,8.964705,149.0,68.0,27.5,0.0,126.725494,15.799995,123.79999,8.725589,CRUISE,3.0794229957501917,Critical
4044.0,1294.9608,1294.9608,1275.4902,212.53333,7.9686275,156.2,63.0,27.6,0.0,146.19608,84.2,172.4,14.971976,CRUISE,3.0167207033210977,Critical
4208.0,1145.6863,1145.6863,1119.7255,176.46274,8.964705,145.4,65.0,27.5,0.0,139.70589,23.0,134.59999,7.833247,CRUISE,3.0996601366623087,Critical
4136.0,1119.7255,1119.7255,1119.7255,176.46274,8.964705,149.0,68.0,27.5,0.0,159.17648,15.799995,123.79999,9.023036,CRUISE,3.083807971294939,Critical
4172.0,1119.7255,1132.7059,1126.2157,178.46666,8.964705,152.59999,67.0,27.5,0.0,159.17648,15.799995,125.59999,9.023036,CRUISE,3.037079615224112,Critical
4004.0,1281.9805,1275.4902,1269.0,214.53723,11.952941,152.59999,60.0,27.6,0.0,165.66667,80.59999,172.4,11.105165,CRUISE,3.052182430887872,Critical
4208.0,1145.6863,1139.196,1119.7255,176.46274,8.964705,145.4,65.0,27.5,0.0,139.70589,23.0,134.59999,7.833247,CRUISE,3.092884775332453,Critical
4140.0,1249.5294,1243.0393,1230.0588,206.52155,11.952941,154.4,60.0,27.6,0.0,159.17648,78.8,165.2,9.915376,CRUISE,3.175528952543796,Critical
4012.0,1288.4706,1288.4706,1269.0,210.52942,7.9686275,156.2,63.0,27.6,0.0,152.68628,84.2,170.59999,14.971976,CRUISE,3.067638323702519,Critical
4136.0,1119.7255,1126.2157,1119.7255,176.46274,8.964705,149.0,67.0,27.5,0.0,152.68628,15.799995,123.79999,9.023036,CRUISE,3.022464662551801,Critical
4152.0,1028.8628,1028.8628,1002.902,164.43921,7.9686275,123.79999,70.0,27.5,0.0,126.725494,12.199997,93.2,7.5358,CRUISE,3.0323616225794874,Critical
4256.0,1249.5294,1249.5294,1243.0393,206.52155,7.9686275,154.4,60.0,27.6,0.0,165.66667,78.8,165.2,10.807717,CRUISE,3.0443604753306923,Critical
4004.0,1288.4706,1294.9608,1269.0,212.53333,7.9686275,156.2,63.0,27.6,0.0,146.19608,84.2,170.59999,15.2694235,CRUISE,3.100698769921639,Critical
4132.0,1139.196,1145.6863,1139.196,178.46666,8.964705,152.59999,67.0,27.5,0.0,133.2157,15.799995,132.79999,9.320483,CRUISE,3.003693167531427,Critical
4124.0,1145.6863,1158.6667,1145.6863,178.46666,8.964705,154.4,66.0,27.5,0.0,165.66667,15.799995,134.59999,9.6179285,CRUISE,3.075005946200519,Critical
4144.0,1145.6863,1145.6863,1126.2157,176.46274,8.964705,145.4,66.0,27.5,0.0,152.68628,23.0,132.79999,7.833247,CRUISE,3.1342348942707385,Critical
4044.0,905.5491,1048.3334,963.9608,136.38431,7.9686275,104.0,73.0,27.5,0.0,139.70589,5.0,57.199997,6.346012,CRUISE,3.0765677045847624,Critical
4080.0,1145.6863,1158.6667,1139.196,178.46666,8.964705,154.4,63.0,27.5,0.0,152.68628,19.400002,136.4,9.915376,CRUISE,3.10738058247427,Critical
4124.0,1139.196,1145.6863,1139.196,178.46666,8.964705,152.59999,67.0,27.5,0.0,133.2157,15.799995,132.79999,9.320483,CRUISE,3.0058689441749,Critical
4024.0,1165.1569,1158.6667,1126.2157,176.46274,7.9686275,150.79999,67.0,27.5,0.0,133.2157,28.399994,132.79999,7.833247,CRUISE,3.5207293979467984,Critical
4016.0,840.6471,1022.37256,963.9608,126.3647,7.9686275,104.0,74.0,27.5,0.0,113.7451,5.0,50.0,6.346012,CRUISE,3.070890017218199,Critical
4048.0,1281.9805,1281.9805,1262.5099,210.52942,7.9686275,156.2,63.0,27.6,0.0,165.66667,84.2,170.59999,14.971976,CRUISE,3.0563997682241566,Critical
4024.0,1152.1765,1165.1569,1139.196,180.47058,8.964705,149.0,60.0,27.5,0.0,126.725494,19.400002,138.2,9.320483,CRUISE,3.143897524965404,Critical
4256.0,1249.5294,1249.5294,1249.5294,206.52155,7.9686275,154.4,60.0,27.6,0.0,165.66667,78.8,165.2,10.807717,CRUISE,3.0263055167333865,Critical
4212.0,1145.6863,1139.196,1119.7255,178.46666,8.964705,145.4,65.0,27.5,0.0,133.2157,23.0,136.4,7.833247,CRUISE,3.1016897527084746,Critical
4164.0,1106.7451,1113.2354,1106.7451,172.4549,8.964705,149.0,69.0,27.5,0.0,126.725494,15.799995,118.399994,8.725589,CRUISE,3.107938531494023,Critical
4228.0,1249.5294,1249.5294,1236.5491,206.52155,7.9686275,154.4,60.0,27.6,0.0,159.17648,78.8,165.2,10.807717,CRUISE,3.06886556055516,Critical
4020.0,1165.1569,1158.6667,1132.7059,176.46274,7.9686275,150.79999,67.0,27.5,0.0,139.70589,28.399994,132.79999,7.833247,CRUISE,3.49187057775807,Critical
4096.0,1145.6863,1152.1765,1139.196,178.46666,8.964705,154.4,67.0,27.5,0.0,152.68628,15.799995,132.79999,9.6179285,CRUISE,3.0269599569618006,Critical
4060.0,1236.5491,1230.0588,1204.098,210.52942,11.952941,154.4,58.0,27.6,0.0,172.15686,78.8,165.2,9.6179285,CRUISE,3.286093740602915,Critical
4084.0,1009.3922,1041.8431,950.9804,140.39215,7.9686275,104.0,73.0,27.5,0.0,113.7451,5.0,59.0,6.346012,CRUISE,3.0065796660244724,Critical
